Actual,Predicted,Absolute Error,Percentage Error,RÂ²,RMSE
0.1789893360886908,0.1529358199844042,0.026,14.526,0.891,0.32
0.0922166792575058,0.0925118883828443,0.0,0.0,0.891,0.32
0.5259449829875293,0.5282101153166079,0.002,0.38,0.891,0.32
-1.0146007988292387,-1.0176864527575282,0.003,0.296,0.891,0.32
0.7659939302438987,0.9019428303326454,0.136,17.755,0.891,0.32
1.6076628959531951,1.4722369653879708,0.135,8.397,0.891,0.32
-0.0871731757549294,-0.1781737143863522,0.091,104.39,0.891,0.32
0.0780266089161953,0.192263158032613,0.114,146.104,0.891,0.32
0.9967390917671262,1.057885073279038,0.061,6.12,0.891,0.32
1.9005481501674075,1.953988611752745,0.053,2.789,0.891,0.32
-0.1640456602801166,-0.1572997773525997,0.007,4.267,0.891,0.32
-1.9554648795732523,-2.0366276660692675,0.081,4.142,0.891,0.32
-2.2240249469119115,-2.2240249469119173,0.0,0.0,0.891,0.32
0.1662754886516834,0.2769427748638107,0.111,66.757,0.891,0.32
-0.0091265443827067,0.0145313022604583,0.024,262.969,0.891,0.32
0.5089364435269681,0.1868059894129517,0.322,63.269,0.891,0.32
-0.3238912266851548,-0.1962399960064156,0.128,39.519,0.891,0.32
0.5377421799865487,0.536262513399486,0.001,0.186,0.891,0.32
0.9182356745069644,0.8970282926433154,0.021,2.287,0.891,0.32
-0.7190798547402412,-0.613796508872057,0.105,14.602,0.891,0.32
0.0408275723725496,0.0372307829488726,0.004,9.797,0.891,0.32
0.0526140255350675,0.1981813412902707,0.146,277.493,0.891,0.32
0.2633475163360955,0.0137297196151548,0.25,94.932,0.891,0.32
-0.2494953843875229,-0.1040856959990483,0.145,58.117,0.891,0.32
2.3381700632541533,2.143796674320242,0.194,8.297,0.891,0.32
0.1319318513694232,0.1200917301719051,0.012,9.096,0.891,0.32
-0.4120077178031413,-0.1070693977188507,0.305,74.028,0.891,0.32
-0.3581894648097692,-0.4229343328536056,0.065,18.147,0.891,0.32
-0.3398690808213103,-0.3802692880917724,0.04,11.769,0.891,0.32
0.0484911876241832,0.0046994268148073,0.044,90.738,0.891,0.32
-0.2634233147838638,-0.2521058045532903,0.011,4.176,0.891,0.32
-0.002478664922338,-0.0213034079171609,0.019,766.542,0.891,0.32
0.0016541224334151,-0.0095074486906005,0.011,665.005,0.891,0.32
-0.1640456602801166,0.2171469923648007,0.381,232.252,0.891,0.32
0.3844150505179388,0.9567240217189076,0.572,148.798,0.891,0.32
0.0019376550887312,0.1516847590824754,0.15,7741.316,0.891,0.32
1.1312644734560782,1.0401687791182703,0.091,8.044,0.891,0.32
0.9639353725800848,0.9579959227045852,0.006,0.622,0.891,0.32
-0.5716049565665209,0.0965431946821878,0.668,116.864,0.891,0.32
1.1361027671212958,0.674389981670243,0.462,40.665,0.891,0.32
0.3163079706605852,0.3732854218045349,0.057,18.02,0.891,0.32
-1.6795383450491557,-1.4686816282665267,0.211,12.563,0.891,0.32
0.8364843349501628,0.8561666970361711,0.02,2.391,0.891,0.32
0.7593993207113556,0.7939168285282233,0.035,4.609,0.891,0.32
2.3381700632541533,2.07631020188708,0.262,11.205,0.891,0.32
-1.0917421470365325,-1.0917421470365307,0.0,0.0,0.891,0.32
-0.5379156391859858,-0.4403456890996521,0.098,18.218,0.891,0.32
-1.0917421470365325,-0.9635456609579746,0.128,11.724,0.891,0.32
-1.0917421470365325,-1.0274865390069314,0.064,5.862,0.891,0.32
-0.1640456602801166,-0.1640456602801166,0.0,0.0,0.891,0.32
-1.0146007988292387,-1.0146007988292365,0.0,0.0,0.891,0.32
0.5867778715933235,0.8699632001048984,0.283,48.229,0.891,0.32
-0.1294142556061237,-0.2464073880912912,0.117,90.407,0.891,0.32
-0.2634233147838638,-0.2634233147838641,0.0,0.0,0.891,0.32
-0.3262193086194569,-0.2097392444780499,0.116,35.559,0.891,0.32
-0.1640456602801166,0.1700901034566182,0.334,203.602,0.891,0.32
1.5860090544927068,1.9625440397181808,0.377,23.77,0.891,0.32
0.0019376550887312,-0.0811687454928594,0.083,4283.528,0.891,0.32
-1.0917421470365325,-1.0917421470365307,0.0,0.0,0.891,0.32
0.6001838084278298,0.4696867808389324,0.13,21.66,0.891,0.32
-0.0623639250738283,-0.0185694493022044,0.044,70.554,0.891,0.32
-0.2634233147838638,0.0339603786563318,0.297,112.746,0.891,0.32
-0.7633438652572069,-1.180248689455666,0.417,54.628,0.891,0.32
0.3188976471262506,0.821545164929008,0.503,157.731,0.891,0.32
-1.0146007988292387,-1.0153722123113096,0.001,0.099,0.891,0.32
1.5740112681091047,1.341337883116993,0.233,14.803,0.891,0.32
-0.1640456602801166,-0.1776441722150549,0.014,8.534,0.891,0.32
-0.4120077178031413,-0.4979286554969311,0.086,20.873,0.891,0.32
0.2386212924603536,0.2363964061871714,0.002,0.838,0.891,0.32
-0.1640456602801166,-0.1568904318698131,0.007,4.267,0.891,0.32
-1.0146007988292387,-0.3964704416105181,0.618,60.911,0.891,0.32
1.896674347307531,1.6820181338365472,0.215,11.336,0.891,0.32
0.8236265087127312,0.9059964104282476,0.082,9.956,0.891,0.32
-0.870842869347109,-0.8802432720394903,0.009,1.033,0.891,0.32
1.0258150910779495,1.0430794973212316,0.017,1.657,0.891,0.32
0.655756199794355,0.6141441471567716,0.042,6.405,0.891,0.32
1.7987091944499516,1.510554225760625,0.288,16.011,0.891,0.32
-0.3795358951114717,-0.3917528267776064,0.012,3.162,0.891,0.32
0.6753592431183705,0.5024580216616925,0.173,25.616,0.891,0.32
0.6022476984385705,0.3979533617638864,0.204,33.873,0.891,0.32
-0.0298836981009832,-0.1263828261326521,0.096,321.245,0.891,0.32
0.3188976471262506,0.7827262776796136,0.464,145.501,0.891,0.32
-2.098959630502747,-1.367336142275686,0.732,34.874,0.891,0.32
-0.0298836981009832,0.5862890129003387,0.616,2061.325,0.891,0.32
-1.0917421470365325,-1.0917421470365307,0.0,0.0,0.891,0.32
1.3318016588930357,0.6624599591128987,0.669,50.233,0.891,0.32
-2.098959630502747,-2.100210283666839,0.001,0.048,0.891,0.32
1.9810843671969296,1.9975633456646305,0.016,0.808,0.891,0.32
-0.4854738003923631,-0.169643687279856,0.316,65.091,0.891,0.32
1.0323699423156985,0.9556899327439458,0.077,7.459,0.891,0.32
-1.0008109163352996,-1.0504686231976692,0.05,4.996,0.891,0.32
0.1798332734831041,0.2063998115786956,0.027,15.014,0.891,0.32
-1.0146007988292387,-0.7922627720107872,0.222,21.881,0.891,0.32
0.0423018934322953,0.0273151626888723,0.015,35.459,0.891,0.32
1.2422540952234398,0.7952972163878775,0.447,35.983,0.891,0.32
1.659977590699107,1.066496900294937,0.593,35.723,0.891,0.32
-1.0146007988292387,-1.020000693203747,0.005,0.493,0.891,0.32
-0.1728243005482077,-0.1823998687104894,0.01,5.786,0.891,0.32
-2.2240249469119115,-1.807568269211624,0.416,18.705,0.891,0.32
-0.2634233147838638,0.0374983490547945,0.301,114.265,0.891,0.32
0.9741385885304062,0.7983684625157601,0.176,18.067,0.891,0.32
-0.3595771154284661,-0.5059468878209986,0.146,40.603,0.891,0.32
0.7283747907622842,0.2900071316292606,0.438,60.134,0.891,0.32
-0.1449038496887806,0.4548828701957687,0.6,414.068,0.891,0.32
0.6258845377268483,0.5591385130343748,0.067,10.705,0.891,0.32
0.2518391863562255,0.1112921049893424,0.141,55.988,0.891,0.32
-1.0146007988292387,-1.0176864527575282,0.003,0.296,0.891,0.32
-0.1020472959296238,-0.1144469687997225,0.012,11.759,0.891,0.32
0.2437598264093205,0.1399020948599491,0.104,42.665,0.891,0.32
-0.4620115980764399,-0.4297540733423882,0.032,6.926,0.891,0.32
-2.2240249469119115,-2.1089048657262315,0.115,5.171,0.891,0.32
0.185055576008227,0.5503913903656252,0.365,197.238,0.891,0.32
-2.0399775357448537,-2.0443902797421374,0.004,0.196,0.891,0.32
-1.0146007988292387,-1.0146007988292365,0.0,0.0,0.891,0.32
-2.0399775357448537,-1.8745500905467836,0.165,8.088,0.891,0.32
-1.0917421470365325,-1.0917421470365307,0.0,0.0,0.891,0.32
-1.0146007988292387,-1.0190719925727496,0.004,0.394,0.891,0.32
-0.301180586785089,-0.3178971262787533,0.017,5.644,0.891,0.32
-0.8168361960642406,-0.6315387581561128,0.185,22.648,0.891,0.32
0.6083268219957556,0.5711976979036997,0.037,6.082,0.891,0.32
-2.098959630502747,-2.131476612769132,0.033,1.572,0.891,0.32
0.6661041193875922,0.4726196636976698,0.193,28.974,0.891,0.32
-2.0232794780183267,-1.7130431177173835,0.31,15.322,0.891,0.32
-0.2634233147838638,-0.26152601378938,0.002,0.759,0.891,0.32
-0.002478664922338,0.0331678309330254,0.036,1452.395,0.891,0.32
-1.0146007988292387,-1.0153722123113094,0.001,0.099,0.891,0.32
0.2811125177767496,0.1570786752019276,0.124,44.11,0.891,0.32
-1.171442395503177,-1.2076917241575174,0.036,3.073,0.891,0.32
0.6024303079140052,0.2996413457379674,0.303,50.296,0.891,0.32
-0.884917321223495,-0.8768369947368528,0.008,0.904,0.891,0.32
-1.0917421470365325,-1.0251647313396048,0.067,6.137,0.891,0.32
-0.2634233147838638,-0.2634233147838641,0.0,0.0,0.891,0.32
-0.2784173493348844,-0.2108985466122046,0.068,24.424,0.891,0.32
0.2758305635539251,0.3965815290792346,0.121,43.868,0.891,0.32
-1.2065391414815023,-1.1752888960591648,0.031,2.569,0.891,0.32
0.5202959350316833,0.6211513431696227,0.101,19.412,0.891,0.32
0.3278664759178747,0.3762345135688935,0.048,14.64,0.891,0.32
0.4210124860684678,0.4370012628631054,0.016,3.8,0.891,0.32
1.3371902049285822,0.8477408413686689,0.489,36.569,0.891,0.32
-0.4833263135106019,-0.3286036746581504,0.155,32.069,0.891,0.32
1.4926252736532306,1.413890621659271,0.079,5.293,0.891,0.32
-1.0146007988292387,-1.0176864527575282,0.003,0.296,0.891,0.32
1.673602297865765,1.4941620471821333,0.179,10.695,0.891,0.32
-0.1825378852809028,-0.1666382684706328,0.016,8.765,0.891,0.32
0.6957327622308257,0.9235531058349522,0.228,32.771,0.891,0.32
-0.9410756778371288,-0.8935670273608255,0.048,5.101,0.891,0.32
0.5786200845036876,0.6102101652935099,0.032,5.53,0.891,0.32
-1.0917421470365325,-1.0917421470365307,0.0,0.0,0.891,0.32
-0.2634233147838638,-0.2634233147838641,0.0,0.0,0.891,0.32
-0.1380006969778434,0.0793474457195042,0.217,157.246,0.891,0.32
0.909251798959539,0.6734301055822101,0.236,25.955,0.891,0.32
0.824876031854336,0.9873611499904962,0.162,19.639,0.891,0.32
0.4449448941195903,0.5443391834234823,0.099,22.25,0.891,0.32
0.9276922673091232,0.450596847592057,0.477,51.418,0.891,0.32
1.3532456687982932,1.095435601859357,0.258,19.065,0.891,0.32
0.0377516127161662,0.0385071425606211,0.001,2.649,0.891,0.32
0.0408275723725496,0.294956921590663,0.254,622.129,0.891,0.32
-1.0146007988292387,-1.0213862330189682,0.007,0.69,0.891,0.32
-1.0917421470365325,-1.03289856228798,0.059,5.404,0.891,0.32
0.5649287868968149,0.7221336931113639,0.157,27.791,0.891,0.32
-0.4739121400620893,0.4574029327786079,0.931,196.45,0.891,0.32
-0.1640456602801166,-0.1640456602801166,0.0,0.0,0.891,0.32
-0.7116155793311174,-0.799956232683798,0.088,12.366,0.891,0.32
1.0937478031747172,1.3207322438838605,0.227,20.754,0.891,0.32
-0.1449038496887806,0.5383211328305457,0.683,471.347,0.891,0.32
0.0922166792575058,0.0976563836513206,0.005,5.422,0.891,0.32
1.967195683993044,2.00277214683864,0.036,1.83,0.891,0.32
0.1818006969166564,0.0563369522387955,0.125,68.757,0.891,0.32
-0.2541243016503436,-0.2093840659160195,0.045,17.708,0.891,0.32
-2.2240249469119115,-1.2365836095336873,0.987,44.379,0.891,0.32
-0.6013992867490568,-0.5213217270333423,0.08,13.302,0.891,0.32
1.5318367675383353,1.383718311279643,0.148,9.662,0.891,0.32
0.3188976471262506,-0.7879421750505184,1.107,347.133,0.891,0.32
-0.2014658547746513,-0.4747494747454175,0.273,135.507,0.891,0.32
0.5259449829875293,0.5266157462310912,0.001,0.19,0.891,0.32
1.8451132885350243,1.5668043681773025,0.278,15.067,0.891,0.32
-0.3398690808213103,-0.3696344132049962,0.03,8.827,0.891,0.32
0.8544234889368965,0.7268820644234449,0.128,14.981,0.891,0.32
-0.2965252320392585,-0.1732121297319255,0.123,41.48,0.891,0.32
0.6609386918620439,0.6322672170710593,0.029,4.388,0.891,0.32
0.5259449829875293,1.005286827679699,0.479,91.074,0.891,0.32
-0.3619588045329333,-0.2305809972622076,0.131,36.192,0.891,0.32
-1.0146007988292387,-1.0167875902510213,0.002,0.197,0.891,0.32
-0.3496921493745593,-0.3623712189173902,0.013,3.718,0.891,0.32
1.375713248859772,1.361556908599691,0.014,1.018,0.891,0.32
-0.2375237348651051,0.3993611766378822,0.637,268.184,0.891,0.32
0.909251798959539,0.7364912359640612,0.173,19.027,0.891,0.32
-1.0917421470365325,-0.8205607627949796,0.271,24.823,0.891,0.32
0.8369468851295857,1.0673173481439229,0.23,27.481,0.891,0.32
-0.1208745561173406,-0.0856133762718934,0.035,28.956,0.891,0.32
0.49174147134962,0.4918628620120673,0.0,0.0,0.891,0.32
0.5259449829875293,0.5107596144896656,0.015,2.852,0.891,0.32
1.0208953117877635,0.426639312502347,0.594,58.184,0.891,0.32
1.3552410969945985,1.3510898995652625,0.004,0.295,0.891,0.32
0.185055576008227,0.1919902145195375,0.007,3.783,0.891,0.32
-2.098959630502747,-2.1012313140001107,0.002,0.095,0.891,0.32
-0.2634233147838638,-0.2563396326948296,0.007,2.657,0.891,0.32
-1.9282763494169253,-0.343783869524821,1.584,82.146,0.891,0.32
1.0484159648910518,1.237392346185494,0.189,18.027,0.891,0.32
0.1221881000308488,0.1018758046604656,0.02,16.368,0.891,0.32
1.286625426723841,1.2345864695799584,0.052,4.042,0.891,0.32
-0.0871731757549294,-0.1025993102800707,0.015,17.207,0.891,0.32
-1.0146007988292387,-1.0169150392754551,0.002,0.197,0.891,0.32
-1.0146007988292387,-1.0230863471320388,0.008,0.788,0.891,0.32
-0.7290877924927367,-0.722666564211651,0.006,0.823,0.891,0.32
-0.1640456602801166,-0.1640456602801166,0.0,0.0,0.891,0.32
0.7172433273182962,0.6734723650102122,0.044,6.135,0.891,0.32
-0.560294605321935,-0.3547112543907439,0.206,36.766,0.891,0.32
-0.7473661379324656,-1.0958074681087175,0.348,46.564,0.891,0.32
-0.2634233147838638,-0.2634233147838641,0.0,0.0,0.891,0.32
-0.5490652164838192,-0.1576075305810024,0.391,71.212,0.891,0.32
-0.1825378852809028,-0.1733944184865453,0.009,4.93,0.891,0.32
1.0806178945217455,0.7441476860234986,0.336,31.093,0.891,0.32
0.3188976471262506,0.1906827578401504,0.128,40.138,0.891,0.32
0.5696740236427154,0.2866773618491745,0.283,49.678,0.891,0.32
-0.0298836981009832,-0.0133039266615539,0.017,56.887,0.891,0.32
-0.301180586785089,-0.3505519838226629,0.049,16.269,0.891,0.32
-0.4514618681883035,-0.3692833019710714,0.082,18.163,0.891,0.32
-0.7473661379324656,-1.0244360339873917,0.277,37.063,0.891,0.32
1.2949366457520113,1.429134347405494,0.134,10.348,0.891,0.32
-1.590127315540472,-0.8337740841101637,0.756,47.543,0.891,0.32
-0.1640456602801166,-0.1671917123949824,0.003,1.829,0.891,0.32
-1.0917421470365325,-1.0917421470365307,0.0,0.0,0.891,0.32
1.4209809092970769,1.1904109685373618,0.231,16.256,0.891,0.32
-0.5751732956633423,-0.2365488684462688,0.339,58.939,0.891,0.32
-0.4876242310541851,-0.4424854284177041,0.045,9.228,0.891,0.32
-0.078859754485655,-0.0813131117395919,0.002,2.536,0.891,0.32
-0.083010958078031,-0.0866679765533769,0.004,4.819,0.891,0.32
-1.0146007988292387,-1.0161436257933822,0.002,0.197,0.891,0.32
-1.0146007988292387,-1.0207721066858202,0.006,0.591,0.891,0.32
-2.2240249469119115,-1.5882205994823724,0.636,28.597,0.891,0.32
0.2558633157680403,0.251401608698183,0.004,1.563,0.891,0.32
1.4425055098385586,0.9017878185560864,0.541,37.504,0.891,0.32
1.5429634616362975,1.6303004335586218,0.087,5.639,0.891,0.32
-0.1640456602801166,-0.1568904318698131,0.007,4.267,0.891,0.32
0.2518391863562255,0.3025479861000109,0.051,20.251,0.891,0.32
-2.098959630502747,-2.098959630502747,0.0,0.0,0.891,0.32
0.1798332734831041,0.1939308685417847,0.014,7.785,0.891,0.32
-1.247914874106766,-1.223856466478844,0.024,1.923,0.891,0.32
-0.1640456602801166,-0.1640456602801166,0.0,0.0,0.891,0.32
0.8360216483453782,0.930226485016136,0.094,11.244,0.891,0.32
-1.0146007988292387,-1.0152149251623848,0.001,0.099,0.891,0.32
-1.0146007988292387,-1.0207721066858202,0.006,0.591,0.891,0.32
-0.4058678316007059,-0.3404680696120748,0.065,16.015,0.891,0.32
0.372023683387685,0.335932198720193,0.036,9.677,0.891,0.32
0.4567755604637498,0.454432485615727,0.002,0.438,0.891,0.32
0.7017935769383894,0.7037403663763296,0.002,0.285,0.891,0.32
0.2491506871169625,0.3175667788911402,0.068,27.293,0.891,0.32
1.673602297865765,1.5475732939583833,0.126,7.529,0.891,0.32
-0.1735287185762752,-0.1234994316408107,0.05,28.814,0.891,0.32
-0.0696831574579973,-0.0722756086219562,0.003,4.305,0.891,0.32
-2.098959630502747,-1.0146007988292365,1.084,51.645,0.891,0.32
0.0989677829078327,0.0486115297651747,0.05,50.521,0.891,0.32
0.6136681241328695,0.6572282158038256,0.044,7.17,0.891,0.32
-0.9267753151621672,-0.8562439245617612,0.071,7.661,0.891,0.32
-2.098959630502747,-2.0899754355232854,0.009,0.429,0.891,0.32
-0.1640456602801166,-0.1666787646042568,0.003,1.829,0.891,0.32
-2.2240249469119115,-2.2240249469119173,0.0,0.0,0.891,0.32
0.7501200446381162,0.4570708215273133,0.293,39.06,0.891,0.32
0.5259449829875293,0.5303706860671783,0.004,0.761,0.891,0.32
0.5696740236427154,0.5315422855034023,0.038,6.67,0.891,0.32
-0.270902417971411,-0.2203300956517149,0.051,18.826,0.891,0.32
1.1220365708346665,1.0870915715474812,0.035,3.119,0.891,0.32
-1.0146007988292387,-0.2979962348647949,0.717,70.668,0.891,0.32
-0.1208745561173406,-0.1327659116687398,0.012,9.928,0.891,0.32
2.2894643563532258,1.2521991832656396,1.037,45.294,0.891,0.32
0.7366891131657013,0.7674093884767685,0.031,4.208,0.891,0.32
-0.2634233147838638,-0.1656849880592194,0.098,37.202,0.891,0.32
-0.3242790004906523,-0.2288561863653621,0.095,29.296,0.891,0.32
-1.0146007988292387,-1.0273026428266838,0.013,1.281,0.891,0.32
-0.2541243016503436,-0.0687721327111703,0.185,72.799,0.891,0.32
0.3007629491040351,0.4147079367972386,0.114,37.904,0.891,0.32
0.5123529361778605,0.3665834862046481,0.146,28.496,0.891,0.32
1.7269477615974869,1.5442364549561978,0.183,10.597,0.891,0.32
1.0208953117877635,0.7636581221697325,0.257,25.174,0.891,0.32
-0.1436071925640007,-0.1045565010449948,0.039,27.157,0.891,0.32
0.1977299543971437,-0.5993245422753322,0.797,403.075,0.891,0.32
0.2082603029011515,0.1734668587097741,0.035,16.806,0.891,0.32
-0.1640456602801166,-0.1705812540102781,0.007,4.267,0.891,0.32
-0.4899931144947342,-0.4137267312629525,0.076,15.51,0.891,0.32
0.3188976471262506,-0.2439111685177804,0.563,176.546,0.891,0.32
0.657831251581232,0.8105179761641427,0.153,23.258,0.891,0.32
1.027462517285072,1.6554050362259614,0.628,61.121,0.891,0.32
0.0708077803151119,0.0451530055902089,0.026,36.719,0.891,0.32
0.3188976471262506,0.6136540172946123,0.295,92.506,0.891,0.32
-0.5356952015581665,-0.4540902642988811,0.082,15.307,0.891,0.32
0.5089364435269681,0.4637508351360732,0.045,8.842,0.891,0.32
-1.0146007988292387,-1.0161436257933825,0.002,0.197,0.891,0.32
-0.301180586785089,-0.2779217097514738,0.023,7.637,0.891,0.32
-1.0917421470365325,-1.0917421470365307,0.0,0.0,0.891,0.32
-0.4984208250961358,-0.6188744358240246,0.12,24.076,0.891,0.32
-2.098959630502747,-2.103190189111784,0.004,0.191,0.891,0.32
-0.1640456602801166,-0.1640456602801166,0.0,0.0,0.891,0.32
0.8599022101824901,0.5313515758603685,0.329,38.26,0.891,0.32
-2.2240249469119115,-1.4388408680035811,0.785,35.296,0.891,0.32
-0.4726327552510805,-0.3655457046548628,0.107,22.639,0.891,0.32
0.1662754886516834,0.1665849728264836,0.0,0.0,0.891,0.32
-0.1277025926734644,-0.1408299730102656,0.013,10.18,0.891,0.32
-0.940501153413147,-0.7130359424790843,0.227,24.136,0.891,0.32
-0.0499095295439793,-0.1114765357667438,0.062,124.225,0.891,0.32
-2.2240249469119115,-2.2240249469119173,0.0,0.0,0.891,0.32
0.5259449829875293,0.0178559651397031,0.508,96.588,0.891,0.32
0.5997427298673267,0.5743305410394131,0.025,4.168,0.891,0.32
1.2810530808966205,1.4526076693621062,0.172,13.426,0.891,0.32
-0.1380006969778434,-0.0924880588522825,0.046,33.333,0.891,0.32
0.1867084874916424,0.2120539707484859,0.025,13.39,0.891,0.32
-1.0146007988292387,-1.0207721066858202,0.006,0.591,0.891,0.32
-1.0917421470365325,-1.0917421470365307,0.0,0.0,0.891,0.32
0.3632911181301619,0.4151623295978553,0.052,14.314,0.891,0.32
-0.0329083633393158,0.0065711477502376,0.039,118.511,0.891,0.32
-1.0146007988292387,-0.944138557605876,0.07,6.899,0.891,0.32
-0.1905303454221397,-0.1909811232389044,0.0,0.0,0.891,0.32
-0.3496921493745593,-0.3306914577367756,0.019,5.433,0.891,0.32
1.8451132885350243,1.339948972526705,0.505,27.37,0.891,0.32
-2.2240249469119115,-1.9718766786269664,0.252,11.331,0.891,0.32
-0.1640456602801166,-0.1652920384397365,0.001,0.61,0.891,0.32
0.9268190477362576,0.6041639319176254,0.323,34.85,0.891,0.32
0.0926329717881452,0.0144276290382873,0.078,84.203,0.891,0.32
-0.504934629287396,-0.4262816776284677,0.079,15.646,0.891,0.32
-0.7366358692304119,-0.7637353913469843,0.027,3.665,0.891,0.32
0.0545952378242381,0.1504037173011732,0.096,175.84,0.891,0.32
0.7704875719828543,0.5717924526865883,0.199,25.828,0.891,0.32
-0.5092922402064368,-0.1816578879019979,0.328,64.403,0.891,0.32
-2.098959630502747,-1.488570891961279,0.61,29.062,0.891,0.32
-1.0146007988292387,-1.0161436257933825,0.002,0.197,0.891,0.32
0.3188976471262506,-0.1896949481616282,0.509,159.612,0.891,0.32
1.072201296625711,0.9756126063053492,0.097,9.047,0.891,0.32
-0.2375237348651051,0.3996124282750118,0.637,268.184,0.891,0.32
1.083782270626768,0.9660943961597994,0.118,10.888,0.891,0.32
1.072201296625711,0.9982306743988713,0.074,6.902,0.891,0.32
0.5043695147639733,0.5391266569590641,0.035,6.939,0.891,0.32
1.301141290315707,1.135073443778176,0.166,12.758,0.891,0.32
-2.2240249469119115,-2.2240249469119173,0.0,0.0,0.891,0.32
0.9825908661014164,0.8230077636618018,0.16,16.283,0.891,0.32
0.0695108905173816,0.1019490213339155,0.032,46.036,0.891,0.32
-1.0146007988292387,-0.0904413773749334,0.924,91.07,0.891,0.32
-0.2513453125761336,-0.3974780648067725,0.146,58.087,0.891,0.32
0.7075900118609162,0.4339601720671431,0.274,38.723,0.891,0.32
-0.3496921493745593,-0.3625963418566102,0.013,3.718,0.891,0.32
-2.198841933199169,-2.0325967007886887,0.166,7.549,0.891,0.32
0.2518391863562255,0.2771352842768582,0.025,9.927,0.891,0.32
-0.0329083633393158,0.0309673280027872,0.064,194.479,0.891,0.32
0.4051608725054608,0.1044629940170525,0.301,74.291,0.891,0.32
-1.0917421470365325,-0.8646728989500297,0.227,20.792,0.891,0.32
0.4330243282331089,0.3551923751086434,0.078,18.013,0.891,0.32
0.1428972993837014,0.1343204040560438,0.009,6.298,0.891,0.32
-1.0917421470365325,0.0828749679098629,1.175,107.626,0.891,0.32
-0.0460397515275813,0.4923878051930031,0.538,1168.555,0.891,0.32
-1.6567033141683816,-1.6292707575934622,0.027,1.63,0.891,0.32
2.2546349949828963,0.746533791962156,1.508,66.884,0.891,0.32
0.8117719312483072,0.3642904492495901,0.447,55.065,0.891,0.32
0.5696740236427154,0.3056802156728405,0.264,46.342,0.891,0.32
2.022870349169461,1.4128908890203784,0.61,30.155,0.891,0.32
-0.1880394358696346,-0.9851120027908356,0.797,423.847,0.891,0.32
0.0253871039999526,0.1028203885270394,0.077,303.304,0.891,0.32
0.4449448941195903,0.4545350405044888,0.01,2.247,0.891,0.32
0.927648617872646,0.4186797714040693,0.509,54.87,0.891,0.32
-0.3398690808213103,-0.3453044511649878,0.005,1.471,0.891,0.32
-0.7477978951161761,-0.8922631022473801,0.144,19.257,0.891,0.32
0.945918484704966,1.010787750462112,0.065,6.872,0.891,0.32
-0.5490652164838192,-1.1205836649547662,0.572,104.177,0.891,0.32
0.5982141326452878,0.5477508862665054,0.05,8.358,0.891,0.32
-0.7313986774150132,-0.7426944333881722,0.011,1.504,0.891,0.32
-0.6060336739368295,-0.6270467698984181,0.021,3.465,0.891,0.32
0.4499246454654177,0.8634914832353907,0.414,92.015,0.891,0.32
1.4926252736532306,1.4319726948227125,0.061,4.087,0.891,0.32
-2.2240249469119115,-2.2240249469119173,0.0,0.0,0.891,0.32
-2.098959630502747,-1.941320475031052,0.158,7.528,0.891,0.32
-0.2283765432216205,-0.1819794210858903,0.046,20.142,0.891,0.32
-0.7366358692304119,-0.6320453079081743,0.105,14.254,0.891,0.32
-0.1640456602801166,-0.1666787646042568,0.003,1.829,0.891,0.32
0.6957327622308257,0.9466421758494664,0.251,36.077,0.891,0.32
0.1662754886516834,0.2001676422374858,0.034,20.448,0.891,0.32
0.66299657003748,0.6126206636399371,0.05,7.542,0.891,0.32
-0.4058678316007059,-0.3444890817663789,0.061,15.03,0.891,0.32
-0.0091265443827067,-0.0022420304687744,0.007,76.699,0.891,0.32
-0.0413859153437262,0.1048015173458273,0.146,352.777,0.891,0.32
0.1520270807801884,0.2930786152763594,0.141,92.747,0.891,0.32
-0.1174716503965618,-0.123790045287027,0.006,5.108,0.891,0.32
1.0963763286114123,0.6901698342188881,0.406,37.031,0.891,0.32
0.3690351339736266,0.0883949841238699,0.281,76.145,0.891,0.32
0.7681602161808292,0.7402835325564717,0.028,3.645,0.891,0.32
0.2844047307839083,0.273882336594313,0.011,3.868,0.891,0.32
0.9485050292680998,0.8340265585537626,0.114,12.019,0.891,0.32
-0.1640456602801166,-0.1640456602801166,0.0,0.0,0.891,0.32
0.4028204895182828,0.3830921311004797,0.02,4.965,0.891,0.32
0.6145956560333795,0.6918788530413004,0.077,12.529,0.891,0.32
-2.098959630502747,-2.098959630502747,0.0,0.0,0.891,0.32
1.9363200650454924,1.6604198388587117,0.276,14.254,0.891,0.32
-0.2634233147838638,-0.2620758617526058,0.001,0.38,0.891,0.32
1.301141290315707,1.1328999657179957,0.168,12.912,0.891,0.32
0.9256743941575898,0.7716413484377397,0.154,16.637,0.891,0.32
0.8692538992426805,0.0269244684937604,0.842,96.865,0.891,0.32
-0.1380006969778434,-0.1649164215407711,0.027,19.565,0.891,0.32
-1.0146007988292387,-0.8292263240395501,0.185,18.234,0.891,0.32
-0.2192823790739465,0.523292781400117,0.743,338.833,0.891,0.32
0.3690351339736266,0.1805013305252387,0.189,51.215,0.891,0.32
-1.2065391414815023,-1.1681461738675765,0.038,3.15,0.891,0.32
-1.0146007988292387,-1.0153722123113094,0.001,0.099,0.891,0.32
-0.0697655903379796,0.4749481322637339,0.545,781.187,0.891,0.32
0.1347563860981697,0.1938542474010021,0.059,43.783,0.891,0.32
0.4295983219099759,0.2186979272033467,0.211,49.116,0.891,0.32
0.8480073698818176,0.5152907147274233,0.333,39.269,0.891,0.32
0.5649287868968149,0.2528862426890456,0.312,55.228,0.891,0.32
0.1003736951040436,-0.5723123626752468,0.673,670.494,0.891,0.32
-0.1475003836699513,-0.4187780445263715,0.271,183.728,0.891,0.32
1.0686943084476144,1.0588708491873826,0.01,0.936,0.891,0.32
-0.489002055304495,-0.2595627677022616,0.229,46.83,0.891,0.32
0.7416114232040728,1.020265676164476,0.279,37.621,0.891,0.32
-0.662741255008902,-0.4385438286282634,0.224,33.799,0.891,0.32
-0.6412349771333579,-0.6024321482401108,0.039,6.082,0.891,0.32
-1.0917421470365325,-1.0917421470365307,0.0,0.0,0.891,0.32
1.5318367675383353,1.382879620173442,0.149,9.727,0.891,0.32
0.1733514542894331,-0.4502997879184248,0.624,359.962,0.891,0.32
-0.1640456602801166,-0.1493840619991769,0.015,9.144,0.891,0.32
-0.1498235941513352,-0.1537316200980723,0.004,2.67,0.891,0.32
0.4696870648079068,0.3104138603598162,0.159,33.852,0.891,0.32
-0.739159987107471,-0.7901524621096592,0.051,6.9,0.891,0.32
1.3405486710414438,1.2423740046442986,0.098,7.31,0.891,0.32
0.3188976471262506,1.6274706211574226,1.309,410.477,0.891,0.32
1.5429634616362975,1.6265405837243077,0.084,5.444,0.891,0.32
-0.0705901574645325,0.006617250235038,0.077,109.08,0.891,0.32
0.5259449829875293,0.4957275261991654,0.03,5.704,0.891,0.32
-0.2821883581751697,0.0453724165302227,0.328,116.234,0.891,0.32
0.9311802930310524,0.3862929163073823,0.545,58.528,0.891,0.32
0.2491506871169625,0.374084490741578,0.125,50.17,0.891,0.32
0.2424092116705777,0.3163564577128416,0.074,30.527,0.891,0.32
0.6661041193875922,0.4859658405641104,0.18,27.023,0.891,0.32
0.5032257021561376,0.5330447172422368,0.03,5.962,0.891,0.32
-1.0146007988292387,-1.0198434060548225,0.005,0.493,0.891,0.32
-0.2634233147838638,-0.2634233147838641,0.0,0.0,0.891,0.32
2.3381700632541533,2.3328445876536743,0.005,0.214,0.891,0.32
-2.098959630502747,-1.875207176629451,0.224,10.672,0.891,0.32
0.3061434038450806,-0.0325974006649382,0.339,110.732,0.891,0.32
1.9979431490877408,1.6911332755897277,0.307,15.366,0.891,0.32
0.2295200409908364,-0.0378856227723014,0.267,116.33,0.891,0.32
-2.2240249469119115,-2.2240249469119173,0.0,0.0,0.891,0.32
1.6851663931601109,1.495114734055174,0.19,11.275,0.891,0.32
-0.1640456602801166,-0.134320715892324,0.03,18.288,0.891,0.32
0.1733514542894331,0.50868333895711,0.335,193.249,0.891,0.32
0.7900032590416552,1.0770319420430037,0.287,36.329,0.891,0.32
-2.2240249469119115,-2.135687762866094,0.088,3.957,0.891,0.32
0.9407325661900025,0.8270224865257184,0.114,12.118,0.891,0.32
-1.0917421470365325,-1.0917421470365307,0.0,0.0,0.891,0.32
0.7659939302438987,0.9310757685091814,0.165,21.541,0.891,0.32
-1.0917421470365325,-1.0917421470365307,0.0,0.0,0.891,0.32
0.9276922673091232,0.946857974640886,0.019,2.048,0.891,0.32
0.7416114232040728,1.102930905131934,0.361,48.678,0.891,0.32
0.3454257452438758,0.30064461764355,0.045,13.027,0.891,0.32
0.7465183365640666,0.6592030235774522,0.087,11.654,0.891,0.32
0.5145355930783628,0.47691965038044,0.038,7.385,0.891,0.32
0.771789770292851,0.644914027192944,0.127,16.455,0.891,0.32
1.473632303286133,1.4182467033613997,0.055,3.732,0.891,0.32
0.0526140255350675,-0.0169658478212724,0.07,133.044,0.891,0.32
0.2558633157680403,-0.3298847896632718,0.586,229.029,0.891,0.32
-0.2541243016503436,-0.192837592047902,0.061,24.004,0.891,0.32
1.6239894128646986,0.9333479127926532,0.691,42.55,0.891,0.32
-1.136007191987227,-1.1001160182558882,0.036,3.169,0.891,0.32
0.3188976471262506,-0.555624062712511,0.875,274.383,0.891,0.32
-1.0146007988292387,-0.9217711513073684,0.093,9.166,0.891,0.32
1.375713248859772,1.3217136871065582,0.054,3.925,0.891,0.32
0.1943898418745322,0.2667358343553316,0.072,37.039,0.891,0.32
0.1605916457593445,0.1296913777094932,0.031,19.304,0.891,0.32
2.294819917534787,2.2305769023207027,0.064,2.789,0.891,0.32
0.9570961729860842,0.9349367452247656,0.022,2.299,0.891,0.32
0.1789893360886908,0.1505775029288894,0.028,15.643,0.891,0.32
-1.0146007988292387,-1.0146007988292365,0.0,0.0,0.891,0.32
1.2949366457520113,0.9629048589489008,0.332,25.638,0.891,0.32
-0.5379156391859858,-0.4631797562072586,0.075,13.943,0.891,0.32
-0.1640456602801166,-0.1640456602801166,0.0,0.0,0.891,0.32
0.6969973644130905,0.3979373179688924,0.299,42.898,0.891,0.32
0.9048290756406088,0.94671153217753,0.042,4.642,0.891,0.32
-0.0059573737651745,0.0010727921892644,0.007,117.501,0.891,0.32
1.0686943084476144,1.0971116543299235,0.028,2.62,0.891,0.32
0.6136681241328695,0.571321355401122,0.042,6.844,0.891,0.32
-0.8846401343825672,-0.8807267928904173,0.004,0.452,0.891,0.32
-0.5356952015581665,-0.4766394804181909,0.059,11.014,0.891,0.32
-0.1728243005482077,-0.1494965980329564,0.023,13.308,0.891,0.32
1.8451132885350243,1.2177897415926957,0.627,33.982,0.891,0.32
-1.8752733712547665,-1.4877439904243694,0.388,20.69,0.891,0.32
1.3453856438897052,1.3030958064797225,0.042,3.122,0.891,0.32
-0.6651491433130333,-0.1980836938488591,0.467,70.21,0.891,0.32
0.2220091982889967,1.4037708960500592,1.182,532.41,0.891,0.32
-0.6748663202046845,-0.7227500908843786,0.048,7.113,0.891,0.32
-0.1286780116580264,-0.1071387943909717,0.022,17.097,0.891,0.32
0.4149718974644154,0.3775197299504125,0.037,8.916,0.891,0.32
-1.1288014513024407,-0.9844624499630998,0.144,12.757,0.891,0.32
0.4449448941195903,0.4941941715946261,0.049,11.013,0.891,0.32
0.5696740236427154,0.3536924341639123,0.216,37.916,0.891,0.32
-1.0917421470365325,-1.0917421470365307,0.0,0.0,0.891,0.32
0.96989531052495,0.8317660835988109,0.138,14.228,0.891,0.32
0.5813440631741351,0.5838357340451581,0.002,0.344,0.891,0.32
-0.3262193086194569,-0.104133743566866,0.222,68.052,0.891,0.32
-2.098959630502747,-2.085443695577045,0.014,0.667,0.891,0.32
-0.1318137256369192,-0.0866919691781738,0.045,34.139,0.891,0.32
0.53068575693389,0.4328557165586566,0.098,18.467,0.891,0.32
1.295806774731019,0.6892370407792298,0.607,46.843,0.891,0.32
-0.0545071193912515,-0.0562563615806244,0.002,3.669,0.891,0.32
-0.2739979662255958,-0.2921221369906817,0.018,6.569,0.891,0.32
-0.1466343947315093,-0.1306888710610887,0.016,10.911,0.891,0.32
0.921876204877674,0.6448053551265541,0.277,30.047,0.891,0.32
-0.078859754485655,-0.1314426302576138,0.053,67.208,0.891,0.32
0.9381331639015468,0.3011282865374158,0.637,67.901,0.891,0.32
-0.8985598257293873,-0.8639476194829122,0.035,3.895,0.891,0.32
-1.0146007988292387,-1.0392860302555709,0.025,2.464,0.891,0.32
-2.2240249469119115,-2.2240249469119173,0.0,0.0,0.891,0.32
-0.9818244343796492,-0.9280759283550064,0.054,5.5,0.891,0.32
-0.736787201827485,-0.7563792182653841,0.02,2.714,0.891,0.32
-0.2634233147838638,-0.0515235841707289,0.212,80.479,0.891,0.32
0.5704196532731953,0.5454541025525187,0.025,4.383,0.891,0.32
-0.6827177489243504,-0.6046687383321833,0.078,11.425,0.891,0.32
-0.4876242310541851,-0.4764078939600125,0.011,2.256,0.891,0.32
0.0938960406907836,0.0762609180531079,0.018,19.17,0.891,0.32
0.824876031854336,0.949135320017923,0.124,15.033,0.891,0.32
0.934964738590046,0.9693544995612348,0.034,3.637,0.891,0.32
0.3085547147359311,1.0783277803182207,0.77,249.551,0.891,0.32
-0.1640456602801166,-0.0819307273713711,0.082,49.986,0.891,0.32
-0.6651491433130333,-0.6424462636690953,0.023,3.458,0.891,0.32
0.5921929233013312,0.5968285028330648,0.005,0.844,0.891,0.32
0.8369468851295857,0.8016377004712606,0.035,4.182,0.891,0.32
0.7130147967081926,0.8062688947764443,0.093,13.043,0.891,0.32
0.0708077803151119,0.0605227023824856,0.01,14.123,0.891,0.32
0.8599022101824901,-0.0992682060493145,0.959,111.524,0.891,0.32
0.4449448941195903,0.4363773317583119,0.009,2.023,0.891,0.32
1.2206755029647631,1.3011480095864956,0.08,6.554,0.891,0.32
0.41851450323432,0.1730299351157515,0.245,58.54,0.891,0.32
-0.136520478449658,-0.2027465252323773,0.066,48.344,0.891,0.32
0.1347563860981697,0.0545524617636399,0.08,59.366,0.891,0.32
2.3381700632541533,0.999880108209086,1.338,57.224,0.891,0.32
0.3188976471262506,-0.8567363578172378,1.176,368.77,0.891,0.32
-0.078859754485655,-0.0938629771150133,0.015,19.021,0.891,0.32
-0.1020472959296238,-0.1144469687997225,0.012,11.759,0.891,0.32
0.8735158818677788,0.6625232618243602,0.211,24.155,0.891,0.32
0.372023683387685,0.2243870471057562,0.148,39.782,0.891,0.32
0.3532511547585793,0.2720274838219774,0.081,22.93,0.891,0.32
1.558222546395848,1.6263703973944337,0.068,4.364,0.891,0.32
-1.1987657814272166,-1.2187707822179237,0.02,1.668,0.891,0.32
-0.5524928822043034,-0.5287515337585238,0.024,4.344,0.891,0.32
-1.0146007988292387,-1.0400574437376435,0.025,2.464,0.891,0.32
-0.5158514368932037,-0.4576066904295488,0.058,11.244,0.891,0.32
0.7416114232040728,1.0480256025115655,0.306,41.262,0.891,0.32
1.742603968613775,0.8374990814016953,0.905,51.934,0.891,0.32
-2.098959630502747,-1.4782805050614218,0.621,29.586,0.891,0.32
-0.2634233147838638,-0.261688954092093,0.002,0.759,0.891,0.32
0.0708077803151119,0.1224379366365351,0.052,73.438,0.891,0.32
-1.0146007988292387,-1.0230863471320388,0.008,0.788,0.891,0.32
0.0977976956156488,-0.0116686551003024,0.109,111.455,0.891,0.32
0.1003736951040436,0.0340816931259626,0.066,65.754,0.891,0.32
0.9483758032766634,0.8669725074299435,0.081,8.541,0.891,0.32
0.9485050292680998,0.9333930627060412,0.015,1.581,0.891,0.32
-0.1640456602801166,-0.0008727443783377,0.163,99.363,0.891,0.32
-1.0146007988292387,-1.023086347132039,0.008,0.788,0.891,0.32
-0.5716049565665209,-0.5434580906087664,0.028,4.898,0.891,0.32
0.9276922673091232,0.8221601726471711,0.106,11.426,0.891,0.32
0.5259449829875293,0.5110519514188934,0.015,2.852,0.891,0.32
-0.4984208250961358,-0.3446663174962397,0.154,30.898,0.891,0.32
-0.0059573737651745,-0.4099257017764753,0.404,6781.512,0.891,0.32
-1.0146007988292387,-1.0277148280244766,0.013,1.281,0.891,0.32
-1.0146007988292387,-1.0176864527575282,0.003,0.296,0.891,0.32
-2.098959630502747,-2.125701946065435,0.027,1.286,0.891,0.32
-1.6567033141683816,-1.6359677670782855,0.021,1.268,0.891,0.32
-1.0146007988292387,-0.8114699970414543,0.203,20.008,0.891,0.32
0.556147479723618,0.474217977727874,0.082,14.744,0.891,0.32
-1.9282763494169253,-0.3220132950810464,1.606,83.287,0.891,0.32
0.3267784738476014,0.67884367911835,0.352,107.718,0.891,0.32
-0.301180586785089,-0.3556116817394255,0.054,17.929,0.891,0.32
-0.1380006969778434,-0.0489346525478068,0.089,64.492,0.891,0.32
0.5483288052696694,0.5425864915276066,0.006,1.094,0.891,0.32
-0.1640456602801166,0.0622820157745646,0.226,137.767,0.891,0.32
0.3163079706605852,0.366728646028587,0.05,15.807,0.891,0.32
0.5997427298673267,0.8603494135379914,0.261,43.519,0.891,0.32
0.1733514542894331,0.0560630392796111,0.117,67.493,0.891,0.32
0.9741385885304062,0.7895780847866493,0.185,18.991,0.891,0.32
0.3831803090750927,0.3638985879696765,0.019,4.959,0.891,0.32
2.2546349949828963,0.8682713647020297,1.386,61.473,0.891,0.32
0.3188976471262506,-0.3321722263852974,0.651,204.141,0.891,0.32
1.270571451150768,1.2698177843252485,0.001,0.079,0.891,0.32
-1.0146007988292387,-1.026786127393479,0.012,1.183,0.891,0.32
-0.1640456602801166,-0.1640456602801166,0.0,0.0,0.891,0.32
1.0948075895585356,0.5621603597480037,0.533,48.684,0.891,0.32
-0.078859754485655,-0.2247243281946793,0.146,185.139,0.891,0.32
1.770397314299613,1.2563540674856926,0.514,29.033,0.891,0.32
-1.0146007988292387,-1.0261720010603308,0.012,1.183,0.891,0.32
-0.5771541562553777,-0.4573523963651498,0.12,20.792,0.891,0.32
-0.4336885613278,-0.4470903960163147,0.013,2.998,0.891,0.32
-1.0146007988292387,-1.0176864527575282,0.003,0.296,0.891,0.32
-1.0146007988292387,-1.023086347132039,0.008,0.788,0.891,0.32
-1.0146007988292387,-1.0161436257933822,0.002,0.197,0.891,0.32
-1.5179398530580177,-1.1098102025446814,0.408,26.879,0.891,0.32
-1.0146007988292387,-1.0169150392754551,0.002,0.197,0.891,0.32
0.2183088557793351,0.2835006330394544,0.065,29.774,0.891,0.32
0.3188976471262506,-0.7674398884021746,1.086,340.548,0.891,0.32
1.9979431490877408,0.76826439849052,1.23,61.563,0.891,0.32
-0.4347284943603466,-0.4396413088144201,0.005,1.15,0.891,0.32
0.2718573940459713,0.210938344025669,0.061,22.438,0.891,0.32
1.6076628959531951,1.4749709077881,0.133,8.273,0.891,0.32
-2.098959630502747,-2.100210283666839,0.001,0.048,0.891,0.32
-0.3242790004906523,-0.222154286246029,0.102,31.454,0.891,0.32
-2.098959630502747,-2.096885691549759,0.002,0.095,0.891,0.32
0.834169536061588,0.5306357679893909,0.304,36.443,0.891,0.32
0.6781865757184672,0.2060737056053355,0.472,69.597,0.891,0.32
0.2811125177767496,0.185455003360889,0.096,34.15,0.891,0.32
-1.0917421470365325,-1.0917421470365307,0.0,0.0,0.891,0.32
-2.098959630502747,-2.1273864607795248,0.028,1.334,0.891,0.32
-0.2634233147838638,-0.2634233147838641,0.0,0.0,0.891,0.32
0.1158293760067363,0.2971605463664718,0.181,156.264,0.891,0.32
1.144176669118135,1.0064572712868112,0.138,12.061,0.891,0.32
-0.4984208250961358,-0.251953511979692,0.246,49.356,0.891,0.32
0.3766199047632128,0.5612420922666911,0.185,49.121,0.891,0.32
-0.1640456602801166,-0.0539787258916802,0.11,67.055,0.891,0.32
-0.1380006969778434,0.0558906895069721,0.194,140.579,0.891,0.32
-0.0871731757549294,0.2160258555146779,0.303,347.584,0.891,0.32
-0.2084385184612865,-0.0310612988433877,0.177,84.917,0.891,0.32
-1.0146007988292387,-0.958857944178938,0.056,5.519,0.891,0.32
-0.8793828687653561,-0.8950312831176787,0.016,1.819,0.891,0.32
-0.4739121400620893,0.3863252313426036,0.86,181.468,0.891,0.32
-0.617679896113605,-0.5691820794205732,0.048,7.771,0.891,0.32
0.73944750936875,0.5983457444207747,0.141,19.068,0.891,0.32
0.1874083487221426,0.3322845120848767,0.145,77.371,0.891,0.32
0.5259449829875293,0.5516028773914486,0.026,4.943,0.891,0.32
0.6126013176163071,0.5607616318809804,0.052,8.488,0.891,0.32
-0.2174698555653798,-0.1983245424406663,0.019,8.737,0.891,0.32
-1.0917421470365325,-1.0917421470365307,0.0,0.0,0.891,0.32
1.5740112681091047,1.3048440900694644,0.269,17.09,0.891,0.32
1.7606742234698087,1.549194509543974,0.211,11.984,0.891,0.32
-0.1277025926734644,-0.279504219011864,0.152,119.027,0.891,0.32
0.372023683387685,0.1516361466074837,0.22,59.136,0.891,0.32
-1.0917421470365325,-1.0917421470365307,0.0,0.0,0.891,0.32
0.2811125177767496,0.2260874960357787,0.055,19.565,0.891,0.32
-2.0691913953011607,-1.476423953644244,0.593,28.659,0.891,0.32
-1.0146007988292387,-0.5189018219819269,0.496,48.886,0.891,0.32
0.0176095029315002,0.0030729438703246,0.015,85.181,0.891,0.32
-1.0146007988292387,-1.02077210668582,0.006,0.591,0.891,0.32
-0.2634233147838638,-0.2634233147838641,0.0,0.0,0.891,0.32
-1.0146007988292387,-0.4032650130189396,0.611,60.221,0.891,0.32
0.3267784738476014,0.580334305453396,0.254,77.728,0.891,0.32
-0.4202317938976262,-0.4040801815810849,0.016,3.807,0.891,0.32
0.3188976471262506,-1.036111660785913,1.355,424.901,0.891,0.32
1.4646751388878116,0.847883164378465,0.617,42.125,0.891,0.32
-0.3151915615898095,-0.6961845951306274,0.381,120.879,0.891,0.32
2.022870349169461,1.398590946541594,0.624,30.847,0.891,0.32
-0.8815666450292245,-0.6696421881305966,0.212,24.048,0.891,0.32
-0.1640456602801166,-0.1640456602801166,0.0,0.0,0.891,0.32
0.5032257021561376,0.5756065671452405,0.072,14.308,0.891,0.32
1.5318367675383353,1.3571468193466996,0.175,11.424,0.891,0.32
1.1877406560255557,0.9867233262129982,0.201,16.923,0.891,0.32
-0.1728243005482077,-0.1262009758019167,0.047,27.195,0.891,0.32
0.0697522535338055,0.0864792982135098,0.017,24.372,0.891,0.32
0.7708252827603799,0.5209050458697191,0.25,32.433,0.891,0.32
-1.0146007988292387,-0.5079977835913563,0.507,49.97,0.891,0.32
-0.6894335124962228,-0.7561074734618307,0.067,9.718,0.891,0.32
-0.1640456602801166,-0.1640456602801166,0.0,0.0,0.891,0.32
-2.106792796763783,-2.094134243331645,0.013,0.617,0.891,0.32
1.3121115372743546,1.254341284386637,0.058,4.42,0.891,0.32
0.0787766633995975,0.162411414406953,0.084,106.631,0.891,0.32
0.2183088557793351,0.2759510307367923,0.058,26.568,0.891,0.32
-0.091730967099494,-0.0883254446365987,0.003,3.27,0.891,0.32
-1.0146007988292387,-1.0146007988292365,0.0,0.0,0.891,0.32
-0.2634233147838638,-0.2620758617526058,0.001,0.38,0.891,0.32
-1.5059504868218,-1.435281390278632,0.071,4.715,0.891,0.32
0.3188976471262506,1.5690391457920572,1.25,391.975,0.891,0.32
0.73944750936875,0.5797115890662832,0.16,21.638,0.891,0.32
-1.0917421470365325,0.0258055209951816,1.118,102.405,0.891,0.32
-2.2240249469119115,-2.2240249469119173,0.0,0.0,0.891,0.32
1.6183787526559084,1.4308624904394571,0.188,11.617,0.891,0.32
0.478139185345595,0.4750053144714103,0.003,0.627,0.891,0.32
1.933536323654406,1.529159077689419,0.404,20.894,0.891,0.32
-0.8463095278112234,-0.8171136495147863,0.029,3.427,0.891,0.32
0.3632911181301619,0.3957103034395375,0.032,8.808,0.891,0.32
0.5315737616211687,0.5989213787339869,0.067,12.604,0.891,0.32
-0.2474629798698485,-0.0271156256661965,0.22,88.902,0.891,0.32
0.8369468851295857,1.2224278261461137,0.385,46.001,0.891,0.32
0.1818006969166564,0.0562819472142252,0.126,69.307,0.891,0.32
0.9613741656076588,0.9054309487447446,0.056,5.825,0.891,0.32
-1.0146007988292387,-1.0207721066858202,0.006,0.591,0.891,0.32
-0.1640456602801166,-0.1655278082114262,0.001,0.61,0.891,0.32
-1.0146007988292387,-1.0308004819527683,0.016,1.577,0.891,0.32
-0.6651491433130333,-0.4443812536108223,0.221,33.226,0.891,0.32
-1.0917421470365325,-1.0917421470365307,0.0,0.0,0.891,0.32
-0.1286780116580264,-0.1067054388231685,0.022,17.097,0.891,0.32
1.2921711290866549,0.8999882479303788,0.392,30.337,0.891,0.32
0.0526140255350675,0.2059033365494623,0.153,290.797,0.891,0.32
-0.0772023439541464,-0.0098772394242153,0.067,86.785,0.891,0.32
0.4342204692915538,0.3723347868752255,0.062,14.278,0.891,0.32
0.3844150505179388,0.4377863837550768,0.053,13.787,0.891,0.32
1.2386782128404772,1.3052471754096582,0.067,5.409,0.891,0.32
1.3855240308181156,1.1720194247491376,0.214,15.445,0.891,0.32
0.5649287868968149,0.5241831593140911,0.041,7.258,0.891,0.32
-0.4620115980764399,-0.4562385550411782,0.006,1.299,0.891,0.32
-0.0091265443827067,0.163213235040431,0.172,1884.613,0.891,0.32
0.3175964626608658,0.4707548306439005,0.153,48.174,0.891,0.32
-0.6196917899620695,-0.5712922658392177,0.048,7.746,0.891,0.32
-0.1640456602801166,-0.1640456602801166,0.0,0.0,0.891,0.32
-1.0146007988292387,-1.0146007988292365,0.0,0.0,0.891,0.32
0.879828723071532,0.8090790181429861,0.071,8.07,0.891,0.32
0.5880141494532295,0.526779397728454,0.061,10.374,0.891,0.32
-1.8353426729522415,-2.10342129757517,0.268,14.602,0.891,0.32
1.001859997667514,0.9322465843658077,0.07,6.987,0.891,0.32
-0.2541243016503436,-0.1017003213823283,0.152,59.813,0.891,0.32
1.1630285514519296,1.0193313023345931,0.144,12.381,0.891,0.32
-0.1905303454221397,-0.1788374443872311,0.012,6.298,0.891,0.32
-2.098959630502747,-2.1162226126570887,0.017,0.81,0.891,0.32
-1.0146007988292387,-1.020000693203747,0.005,0.493,0.891,0.32
0.5649287868968149,0.5410890416141831,0.024,4.248,0.891,0.32
-1.0146007988292387,-0.7865633368566385,0.228,22.472,0.891,0.32
0.5968349645822607,0.2030282244607424,0.394,66.015,0.891,0.32
-1.0146007988292387,-1.0197457951548792,0.005,0.493,0.891,0.32
-1.0146007988292387,-1.0176864527575282,0.003,0.296,0.891,0.32
2.3381700632541533,1.7880670482106669,0.55,23.523,0.891,0.32
-0.7160152049337539,-0.4873807336402027,0.229,31.983,0.891,0.32
0.3188976471262506,1.1500574545764417,0.831,260.585,0.891,0.32
-0.9339092015905914,-0.8938459970749776,0.04,4.283,0.891,0.32
-0.4726327552510805,-0.495213718893621,0.023,4.866,0.891,0.32
-0.1640456602801166,-0.1694243244676796,0.005,3.048,0.891,0.32
-2.098959630502747,-2.133520597140334,0.035,1.667,0.891,0.32
-0.1640456602801166,-0.1254101956876072,0.039,23.774,0.891,0.32
0.2082603029011515,0.1691601162422241,0.039,18.727,0.891,0.32
0.7218288291165714,0.53581808596127,0.186,25.768,0.891,0.32
0.1874083487221426,-0.1630462714546579,0.35,186.758,0.891,0.32
-2.027753234694744,-1.7962153243652763,0.232,11.441,0.891,0.32
-1.0146007988292387,-1.0161436257933822,0.002,0.197,0.891,0.32
-2.098959630502747,-2.098839650324248,0.0,0.0,0.891,0.32
-1.8353426729522415,-1.5742756670402756,0.261,14.221,0.891,0.32
-0.4514618681883035,-0.47536590786775,0.024,5.316,0.891,0.32
1.270571451150768,1.2519864958005584,0.019,1.495,0.891,0.32
0.3188976471262506,0.5173247785404798,0.198,62.089,0.891,0.32
-2.2240249469119115,-2.22247661139581,0.002,0.09,0.891,0.32
-0.3479194515527617,-0.3920210473816191,0.044,12.647,0.891,0.32
-0.2375237348651051,0.2605178679648544,0.498,209.663,0.891,0.32
1.509861873834961,1.2210674036979052,0.289,19.141,0.891,0.32
-0.870842869347109,-0.8839127072591445,0.013,1.493,0.891,0.32
-0.1640456602801166,0.1434750404052829,0.308,187.753,0.891,0.32
0.2082603029011515,0.1650526864892933,0.043,20.647,0.891,0.32
-0.2634233147838638,-0.1743790090249151,0.089,33.786,0.891,0.32
1.4185439981276329,1.012594650327015,0.406,28.621,0.891,0.32
-1.0146007988292387,-1.0146007988292365,0.0,0.0,0.891,0.32
0.3436533017569562,0.3930099968288825,0.049,14.259,0.891,0.32
-1.0917421470365325,-0.8871885206406206,0.205,18.777,0.891,0.32
0.2705307648572712,0.3286952095346571,0.058,21.439,0.891,0.32
0.1520270807801884,0.6779135108962325,0.526,345.991,0.891,0.32
-1.0146007988292387,-1.014017686842136,0.001,0.099,0.891,0.32
-0.078859754485655,-0.1312540964905357,0.052,65.94,0.891,0.32
-1.0146007988292387,-1.0153722123113094,0.001,0.099,0.891,0.32
0.3188976471262506,-0.4831555702813428,0.802,251.491,0.891,0.32
-0.1640456602801166,-0.1623072721840048,0.002,1.219,0.891,0.32
0.1943898418745322,0.2430208672176873,0.049,25.207,0.891,0.32
-1.0146007988292387,-1.023086347132039,0.008,0.788,0.891,0.32
-1.0146007988292387,-1.0161436257933822,0.002,0.197,0.891,0.32
-0.3771273906637266,-0.3431719694281397,0.034,9.016,0.891,0.32
-0.1640456602801166,-0.1640456602801166,0.0,0.0,0.891,0.32
0.354509669805739,0.8415887083080955,0.487,137.373,0.891,0.32
0.3214556009469158,0.4121855762785626,0.091,28.309,0.891,0.32
0.5082522512116318,0.1284505572339214,0.38,74.766,0.891,0.32
0.9149475575572784,0.6888962141388333,0.226,24.701,0.891,0.32
0.4222178176084785,0.4222568322323152,0.0,0.0,0.891,0.32
0.1733514542894331,0.2747967443004439,0.101,58.263,0.891,0.32
0.8239436461376479,0.7342281801135405,0.09,10.923,0.891,0.32
-1.0146007988292387,-1.000293153200192,0.014,1.38,0.891,0.32
-1.0917421470365325,-1.0405972595071955,0.051,4.671,0.891,0.32
-2.098959630502747,-2.0975131844898187,0.001,0.048,0.891,0.32
0.0787766633995975,0.1915095394940622,0.113,143.443,0.891,0.32
0.4449448941195903,0.4368087568508734,0.008,1.798,0.891,0.32
2.3381700632541533,1.9535209019703867,0.385,16.466,0.891,0.32
0.4210124860684678,0.1715717106532216,0.249,59.143,0.891,0.32
1.4926252736532306,1.4332145375181682,0.059,3.953,0.891,0.32
0.2063672841494064,0.3147129950666338,0.108,52.334,0.891,0.32
0.3188976471262506,-2.098959630502747,2.418,758.237,0.891,0.32
-2.098959630502747,-2.098959630502747,0.0,0.0,0.891,0.32
-2.2240249469119115,-2.2240249469119173,0.0,0.0,0.891,0.32
0.3905742218462538,0.1483102196701319,0.242,61.96,0.891,0.32
0.7465183365640666,0.3651083864580389,0.381,51.037,0.891,0.32
0.3188976471262506,0.3429435041559942,0.024,7.526,0.891,0.32
0.3469433902401672,-0.009928572956663,0.357,102.899,0.891,0.32
-0.1208745561173406,-0.0913627690546633,0.03,24.819,0.891,0.32
0.1858682416642977,0.078437126411787,0.107,57.568,0.891,0.32
-0.2693101223051643,0.1972214166275513,0.467,173.406,0.891,0.32
-0.2720273652567278,-0.1983645917809222,0.074,27.203,0.891,0.32
-0.8036201202383122,-0.765857390199433,0.038,4.729,0.891,0.32
-2.2240249469119115,-2.2240249469119173,0.0,0.0,0.891,0.32
1.1119780377366322,0.8968108186268599,0.215,19.335,0.891,0.32
-0.9262060032625612,-0.92300254611823,0.003,0.324,0.891,0.32
2.013749216528496,1.7834339160649728,0.23,11.421,0.891,0.32
-0.1640456602801166,-0.1640456602801166,0.0,0.0,0.891,0.32
-0.2821883581751697,0.1506029586750048,0.433,153.444,0.891,0.32
0.485967674172455,0.5531440379684747,0.067,13.787,0.891,0.32
-0.091730967099494,-0.0970181014512101,0.005,5.451,0.891,0.32
2.3381700632541533,2.24461415041387,0.094,4.02,0.891,0.32
-1.0146007988292387,-0.903022636939314,0.112,11.039,0.891,0.32
-0.7978663589593218,-0.9362560105578066,0.138,17.296,0.891,0.32
0.9202543614003154,0.9344163597342996,0.014,1.521,0.891,0.32
1.4462734994534894,1.4296062447961193,0.017,1.175,0.891,0.32
-0.3398690808213103,-0.3648180625313696,0.025,7.356,0.891,0.32
1.4273423897183268,1.0839125279836384,0.343,24.031,0.891,0.32
-0.2430377613581501,-0.30180493470364,0.059,24.276,0.891,0.32
0.3188976471262506,-0.1552400434679851,0.474,148.637,0.891,0.32
0.5483399232319732,0.0606745864081166,0.488,88.996,0.891,0.32
-2.098959630502747,-0.8707528361152157,1.228,58.505,0.891,0.32
1.0118202782526045,0.7117833798038444,0.3,29.65,0.891,0.32
1.1877406560255557,1.0139026291841762,0.174,14.65,0.891,0.32
-0.3479194515527617,-0.4283410426714313,0.08,22.994,0.891,0.32
-0.049291025068888,-0.140711114302972,0.091,184.618,0.891,0.32
2.3381700632541533,2.2821494599943923,0.056,2.395,0.891,0.32
-0.4833263135106019,-0.4610531833904528,0.022,4.552,0.891,0.32
1.4209809092970769,1.040904671964898,0.38,26.742,0.891,0.32
-0.5423659653540288,-0.5118381260548652,0.031,5.716,0.891,0.32
-0.1345604786645916,-0.2311265875906662,0.097,72.087,0.891,0.32
-0.0156275007320491,-0.0103160065920944,0.005,31.995,0.891,0.32
-0.2174698555653798,-0.4197824195451972,0.202,92.886,0.891,0.32
0.6453395684123723,0.9515949734970346,0.306,47.417,0.891,0.32
1.3213763068389055,1.2905992861522897,0.031,2.346,0.891,0.32
1.144176669118135,1.0150604164833914,0.129,11.274,0.891,0.32
-0.0339071394502482,0.2680296485597073,0.302,890.668,0.891,0.32
1.295806774731019,0.757697472151379,0.538,41.519,0.891,0.32
-1.386637944400625,-0.1059752387889743,1.281,92.382,0.891,0.32
-0.1570579475141599,-0.1609840490633819,0.004,2.547,0.891,0.32
-1.0146007988292387,-1.0191018306972404,0.005,0.493,0.891,0.32
-2.106792796763783,-2.093631872521978,0.013,0.617,0.891,0.32
0.2220091982889967,0.589280722003084,0.367,165.308,0.891,0.32
0.5166698394047176,0.5395579635390193,0.023,4.452,0.891,0.32
-0.1123810923693478,-0.2065444735529117,0.094,83.644,0.891,0.32
0.0408275723725496,0.2671464368214109,0.226,553.547,0.891,0.32
-0.2549775122418476,-0.2145562014105269,0.04,15.688,0.891,0.32
-2.098959630502747,-2.1114061720544144,0.012,0.572,0.891,0.32
-0.5524928822043034,-0.4942631122503612,0.058,10.498,0.891,0.32
-0.4202317938976262,-0.4013095906676098,0.019,4.521,0.891,0.32
-1.2065391414815023,-1.5169422149714205,0.31,25.693,0.891,0.32
-0.1640456602801166,0.0563476843496148,0.22,134.109,0.891,0.32
2.3381700632541533,1.8328827037333255,0.505,21.598,0.891,0.32
-1.0917421470365325,-1.0917421470365307,0.0,0.0,0.891,0.32
-0.6894335124962228,-0.7486938071716653,0.059,8.558,0.891,0.32
0.7465183365640666,0.8103713134834021,0.064,8.573,0.891,0.32
-0.1640456602801166,-0.1640456602801166,0.0,0.0,0.891,0.32
0.0408275723725496,0.019982454036286,0.021,51.436,0.891,0.32
-1.1987657814272166,-1.2702325842080764,0.071,5.923,0.891,0.32
-0.3496921493745593,-0.3556798856905652,0.006,1.716,0.891,0.32
0.3188976471262506,-1.568622478280112,1.888,592.039,0.891,0.32
-0.5490652164838192,-0.0994081185041664,0.45,81.957,0.891,0.32
-0.1380006969778434,-0.0572849046238025,0.081,58.695,0.891,0.32
0.1943898418745322,0.3309462368092806,0.137,70.477,0.891,0.32
-0.3107636277167642,-0.202221860533151,0.109,35.075,0.891,0.32
1.0963763286114123,0.9522837507891588,0.144,13.134,0.891,0.32
-0.2411975981886161,-0.3350791030937251,0.094,38.972,0.891,0.32
1.534685136767807,1.5626821724272983,0.028,1.824,0.891,0.32
0.6453395684123723,1.1422362292046628,0.497,77.014,0.891,0.32
2.1966258764087074,1.4875330585692177,0.709,32.277,0.891,0.32
0.6865974078482608,0.5440013932637775,0.143,20.827,0.891,0.32
-0.998872083936778,-1.0033089975394476,0.004,0.4,0.891,0.32
-1.0146007988292387,-1.0269434145424037,0.012,1.183,0.891,0.32
0.0014335616004132,0.099462687848256,0.098,6836.121,0.891,0.32
-0.2634233147838638,-0.2634233147838641,0.0,0.0,0.891,0.32
-0.504934629287396,-0.9417244670195388,0.437,86.546,0.891,0.32
0.8415649011879159,0.6063603959924841,0.235,27.924,0.891,0.32
0.9479880614195754,0.8433883962184364,0.105,11.076,0.891,0.32
-0.940501153413147,-0.5423136706212573,0.398,42.318,0.891,0.32
-0.1498235941513352,-0.1360994074196078,0.014,9.344,0.891,0.32
0.1874083487221426,0.44609192132127,0.259,138.201,0.891,0.32
0.5649287868968149,0.5574573499520888,0.007,1.239,0.891,0.32
1.3066085774459146,1.2687138230168389,0.038,2.908,0.891,0.32
-0.078859754485655,-0.0883527273135132,0.009,11.413,0.891,0.32
1.6211865911040082,0.9009079596050124,0.72,44.412,0.891,0.32
0.4449448941195903,0.5372172495513161,0.092,20.677,0.891,0.32
-0.1640456602801166,-0.1640456602801166,0.0,0.0,0.891,0.32
0.3163079706605852,0.4053069450001142,0.089,28.137,0.891,0.32
-0.4514618681883035,-0.4608428624482906,0.009,1.994,0.891,0.32
-0.2634233147838638,-0.2634233147838641,0.0,0.0,0.891,0.32
-0.1640456602801166,-0.1640456602801166,0.0,0.0,0.891,0.32
1.873204581491267,1.6636558749496648,0.21,11.211,0.891,0.32
0.0334351113862194,-0.0286371174259816,0.062,185.434,0.891,0.32
1.0118202782526045,0.7077189207775583,0.304,30.045,0.891,0.32
-0.1640456602801166,-0.1640456602801166,0.0,0.0,0.891,0.32
-0.4940932667044405,-0.2270777559132756,0.267,54.038,0.891,0.32
0.2720297734672921,0.070529039407581,0.202,74.257,0.891,0.32
-0.2559796997639063,0.3044986959240872,0.56,218.767,0.891,0.32
-1.0146007988292387,-0.7032539883589223,0.311,30.652,0.891,0.32
-1.0917421470365325,-1.0917421470365307,0.0,0.0,0.891,0.32
0.3214556009469158,0.5026409608555604,0.181,56.306,0.891,0.32
-0.0623639250738283,-0.0574688306584281,0.005,8.017,0.891,0.32
0.8861162622386528,0.7955672093539529,0.091,10.27,0.891,0.32
1.184038178682267,0.8315094919287922,0.353,29.813,0.891,0.32
-0.8846401343825672,-0.5718629234026223,0.313,35.382,0.891,0.32
-0.1449038496887806,0.6332143374767194,0.778,536.908,0.891,0.32
-1.0146007988292387,-1.0153722123113094,0.001,0.099,0.891,0.32
-0.0499095295439793,-0.1219972067650525,0.072,144.261,0.891,0.32
1.639371515022621,1.560972425176743,0.078,4.758,0.891,0.32
0.9475916039963522,0.9831497319879,0.036,3.799,0.891,0.32
0.6753592431183705,0.5080440837290826,0.167,24.728,0.891,0.32
1.4379656373885588,1.1681563019972585,0.27,18.777,0.891,0.32
-1.0146007988292387,-0.8425393589089277,0.172,16.952,0.891,0.32
-0.4739121400620893,0.3933553006188717,0.867,182.945,0.891,0.32
-0.0806849308662346,-0.0869477435609646,0.006,7.436,0.891,0.32
-0.1123810923693478,-0.1530817168813907,0.041,36.483,0.891,0.32
-1.0146007988292387,-0.9956862022867964,0.019,1.873,0.891,0.32
0.784752644633292,0.1100726642052393,0.675,86.014,0.891,0.32
-2.2240249469119115,-2.2240249469119173,0.0,0.0,0.891,0.32
-2.098959630502747,-2.0975246829934524,0.001,0.048,0.891,0.32
0.9062457041799508,0.6392049883144855,0.267,29.462,0.891,0.32
-0.1728243005482077,-0.1514136941271482,0.021,12.151,0.891,0.32
0.977524966363798,0.5402043516169275,0.437,44.705,0.891,0.32
0.9485050292680998,0.3461461511930391,0.602,63.468,0.891,0.32
-0.9877330625405149,-0.9997545762401674,0.012,1.215,0.891,0.32
0.3188976471262506,0.8054244914172723,0.487,152.714,0.891,0.32
0.2705307648572712,0.3371822302435419,0.067,24.766,0.891,0.32
-0.3595771154284661,-0.3358482952962734,0.024,6.675,0.891,0.32
-0.1286780116580264,-0.083653341738082,0.045,34.971,0.891,0.32
-1.0917421470365325,-1.0917421470365307,0.0,0.0,0.891,0.32
0.8544234889368965,0.722778915916949,0.132,15.449,0.891,0.32
-0.3398690808213103,-0.3364530586364603,0.003,0.883,0.891,0.32
-1.0146007988292387,-0.948676182238846,0.066,6.505,0.891,0.32
0.3782316017467928,0.5048463430333723,0.127,33.577,0.891,0.32
-1.0146007988292387,-0.9797202856313356,0.035,3.45,0.891,0.32
-0.7818723915214629,-0.2757836226846642,0.506,64.716,0.891,0.32
0.5483399232319732,0.3292427964471597,0.219,39.939,0.891,0.32
0.1662754886516834,0.3177641988708163,0.151,90.813,0.891,0.32
-2.098959630502747,-2.0999659992323862,0.001,0.048,0.891,0.32
-2.2240249469119115,-2.2240249469119173,0.0,0.0,0.891,0.32
0.720643864357593,0.5582112604800977,0.162,22.48,0.891,0.32
-0.6778515521657577,-0.6122594892040788,0.066,9.737,0.891,0.32
-0.4811817623602835,-0.5275772605210066,0.046,9.56,0.891,0.32
1.270571451150768,1.257562504811965,0.013,1.023,0.891,0.32
1.1350934695531476,0.6342205030942726,0.501,44.137,0.891,0.32
0.3631034587098592,0.1041458622071569,0.259,71.33,0.891,0.32
-0.3496921493745593,-0.3691681164386833,0.019,5.433,0.891,0.32
-0.5268447469282076,-1.4909789806905152,0.964,182.976,0.891,0.32
0.3214556009469158,0.1626285444642846,0.159,49.463,0.891,0.32
0.1172934348364253,0.2451321044326869,0.128,109.128,0.891,0.32
0.3046636695277909,0.41053455878403,0.106,34.792,0.891,0.32
0.7762187912437224,1.002534833443984,0.226,29.116,0.891,0.32
-2.098959630502747,-2.093131107198993,0.006,0.286,0.891,0.32
0.9876404592666096,0.8538674215362281,0.134,13.568,0.891,0.32
-0.0871731757549294,0.1451432248587672,0.232,266.137,0.891,0.32
1.3459073062165832,1.1612531792048977,0.185,13.745,0.891,0.32
-0.1640456602801166,-0.1623072721840048,0.002,1.219,0.891,0.32
1.1119780377366322,0.5436352166811419,0.568,51.08,0.891,0.32
0.9825908661014164,1.0101188583956966,0.028,2.85,0.891,0.32
-2.098959630502747,-2.098247566544668,0.001,0.048,0.891,0.32
-1.0146007988292387,-1.0161436257933825,0.002,0.197,0.891,0.32
1.0118202782526045,1.1739899014593784,0.162,16.011,0.891,0.32
0.2890022523727179,0.4350872359482659,0.146,50.519,0.891,0.32
-1.0146007988292387,-1.0461013025697932,0.032,3.154,0.891,0.32
0.655756199794355,1.0264190015252626,0.371,56.576,0.891,0.32
0.4149718974644154,0.396156253465346,0.019,4.579,0.891,0.32
0.8780276448918914,0.8166476415082323,0.061,6.947,0.891,0.32
-0.5116940958003683,-0.3531419632230843,0.159,31.073,0.891,0.32
0.5259449829875293,1.346245943720168,0.82,155.91,0.891,0.32
0.927648617872646,0.4262154207891654,0.501,54.008,0.891,0.32
-0.1777618821671799,0.0914328580063452,0.269,151.326,0.891,0.32
-0.2634233147838638,0.4743221853171488,0.738,280.157,0.891,0.32
1.6166803805493115,1.4280243725527504,0.189,11.691,0.891,0.32
0.3632911181301619,0.4598710913282161,0.097,26.7,0.891,0.32
0.6621799465137586,0.6935400089120565,0.031,4.682,0.891,0.32
-0.2634233147838638,-0.26152601378938,0.002,0.759,0.891,0.32
-2.098959630502747,-2.102651599905773,0.004,0.191,0.891,0.32
