Actual,Predicted_Stacking,Predicted_Stacking_AbsError,Predicted_Stacking_PctError,Predicted_Stacking_R2,Predicted_Stacking_RMSE
0.1789893360886908,0.1676885597992524,0.011,6.146,0.899,0.309
0.0922166792575058,0.1358239666027443,0.044,47.714,0.899,0.309
0.5259449829875293,0.5341140278748966,0.008,1.521,0.899,0.309
-1.0146007988292387,-1.011798151868648,0.003,0.296,0.899,0.309
0.7659939302438987,0.9359128061310312,0.17,22.193,0.899,0.309
1.6076628959531951,1.4676528201965466,0.14,8.708,0.899,0.309
-0.0871731757549294,-0.2081730574271766,0.121,138.804,0.899,0.309
0.0780266089161953,0.1949473499176266,0.117,149.949,0.899,0.309
0.9967390917671262,1.0808733293521442,0.084,8.427,0.899,0.309
1.9005481501674075,1.9368727598537925,0.036,1.894,0.899,0.309
-0.1640456602801166,-0.1605306421166,0.004,2.438,0.899,0.309
-1.9554648795732523,-2.032556916863189,0.077,3.938,0.899,0.309
-2.2240249469119115,-2.2375753993353946,0.014,0.629,0.899,0.309
0.1662754886516834,0.2772391427911289,0.111,66.757,0.899,0.309
-0.0091265443827067,0.0327893916207766,0.042,460.196,0.899,0.309
0.5089364435269681,0.2103269534446805,0.299,58.75,0.899,0.309
-0.3238912266851548,-0.1902820297120419,0.134,41.372,0.899,0.309
0.5377421799865487,0.5434237279829075,0.006,1.116,0.899,0.309
0.9182356745069644,0.874129462772053,0.044,4.792,0.899,0.309
-0.7190798547402412,-0.6334704728776354,0.086,11.96,0.899,0.309
0.0408275723725496,0.0395851349039515,0.001,2.449,0.899,0.309
0.0526140255350675,0.1601606237655345,0.108,205.268,0.899,0.309
0.2633475163360955,0.090463392532526,0.173,65.693,0.899,0.309
-0.2494953843875229,-0.0934711030931931,0.156,62.526,0.899,0.309
2.3381700632541533,2.058604284140689,0.28,11.975,0.899,0.309
0.1319318513694232,0.1345413720952198,0.003,2.274,0.899,0.309
-0.4120077178031413,0.0368978910545277,0.449,108.979,0.899,0.309
-0.3581894648097692,-0.3889201864331713,0.031,8.655,0.899,0.309
-0.3398690808213103,-0.313000537921237,0.027,7.944,0.899,0.309
0.0484911876241832,0.0061150225467355,0.042,86.614,0.899,0.309
-0.2634233147838638,-0.2283099503172106,0.035,13.287,0.899,0.309
-0.002478664922338,-0.0312374300858063,0.029,1169.985,0.899,0.309
0.0016541224334151,-0.0263602055327753,0.028,1692.74,0.899,0.309
-0.1640456602801166,0.1108615227783215,0.275,167.636,0.899,0.309
0.3844150505179388,0.9663760777064558,0.582,151.399,0.899,0.309
0.0019376550887312,0.1537285150617327,0.152,7844.533,0.899,0.309
1.1312644734560782,1.0501381913810195,0.081,7.16,0.899,0.309
0.9639353725800848,0.9689562750376226,0.005,0.519,0.899,0.309
-0.5716049565665209,-0.0769691131484147,0.495,86.598,0.899,0.309
1.1361027671212958,0.6343887202506255,0.502,44.186,0.899,0.309
0.3163079706605852,0.439132433267938,0.123,38.886,0.899,0.309
-1.6795383450491557,-1.451389193087492,0.228,13.575,0.899,0.309
0.8364843349501628,0.7996320338778697,0.037,4.423,0.899,0.309
0.7593993207113556,0.8056258635741759,0.046,6.057,0.899,0.309
2.3381700632541533,2.2498136850773207,0.088,3.764,0.899,0.309
-1.0917421470365325,-1.1103402453030615,0.019,1.74,0.899,0.309
-0.5379156391859858,-0.5367866504813488,0.001,0.186,0.899,0.309
-1.0917421470365325,-0.9006952141455792,0.191,17.495,0.899,0.309
-1.0917421470365325,-0.9788207203583594,0.113,10.35,0.899,0.309
-0.1640456602801166,-0.146766876994123,0.017,10.363,0.899,0.309
-1.0146007988292387,-1.0194133498523394,0.005,0.493,0.899,0.309
0.5867778715933235,0.8898966199549931,0.303,51.638,0.899,0.309
-0.1294142556061237,-0.0414655237584626,0.088,67.999,0.899,0.309
-0.2634233147838638,-0.2486650628456597,0.015,5.694,0.899,0.309
-0.3262193086194569,-0.187601355522143,0.139,42.609,0.899,0.309
-0.1640456602801166,0.0882328154530735,0.252,153.616,0.899,0.309
1.5860090544927068,1.9211164125254785,0.335,21.122,0.899,0.309
0.0019376550887312,-0.0766410041670286,0.079,4077.093,0.899,0.309
-1.0917421470365325,-1.1245174743888606,0.033,3.023,0.899,0.309
0.6001838084278298,0.5150725349731597,0.085,14.162,0.899,0.309
-0.0623639250738283,-0.0215823005971997,0.041,65.743,0.899,0.309
-0.2634233147838638,-0.1185695093700331,0.145,55.044,0.899,0.309
-0.7633438652572069,-1.1965703095374136,0.433,56.724,0.899,0.309
0.3188976471262506,0.8556887550480753,0.537,168.393,0.899,0.309
-1.0146007988292387,-1.0396811187413637,0.025,2.464,0.899,0.309
1.5740112681091047,1.2772423092232363,0.297,18.869,0.899,0.309
-0.1640456602801166,-0.1915077697756776,0.027,16.459,0.899,0.309
-0.4120077178031413,-0.4916243445050138,0.08,19.417,0.899,0.309
0.2386212924603536,0.2177253801772716,0.021,8.801,0.899,0.309
-0.1640456602801166,-0.1344988469017214,0.03,18.288,0.899,0.309
-1.0146007988292387,-0.3092444422897489,0.705,69.485,0.899,0.309
1.896674347307531,1.6873379952452514,0.209,11.019,0.899,0.309
0.8236265087127312,0.8989268168939446,0.075,9.106,0.899,0.309
-0.870842869347109,-0.907362099476572,0.037,4.249,0.899,0.309
1.0258150910779495,1.0110725720872755,0.015,1.462,0.899,0.309
0.655756199794355,0.6586207609908394,0.003,0.457,0.899,0.309
1.7987091944499516,1.5855752201108813,0.213,11.842,0.899,0.309
-0.3795358951114717,-0.3685547931411662,0.011,2.898,0.899,0.309
0.6753592431183705,0.5635127211794815,0.112,16.584,0.899,0.309
0.6022476984385705,0.4237733556849267,0.178,29.556,0.899,0.309
-0.0298836981009832,-0.1195674918670946,0.09,301.168,0.899,0.309
0.3188976471262506,0.7001093128342449,0.381,119.474,0.899,0.309
-2.098959630502747,-1.3945947176212965,0.704,33.54,0.899,0.309
-0.0298836981009832,0.5892597007403688,0.619,2071.363,0.899,0.309
-1.0917421470365325,-1.1039682764958425,0.012,1.099,0.899,0.309
1.3318016588930357,0.8622421666951708,0.47,35.291,0.899,0.309
-2.098959630502747,-2.155028404324976,0.056,2.668,0.899,0.309
1.9810843671969296,2.0433471203276685,0.062,3.13,0.899,0.309
-0.4854738003923631,-0.2312749735960483,0.254,52.32,0.899,0.309
1.0323699423156985,0.8688674731538779,0.164,15.886,0.899,0.309
-1.0008109163352996,-1.1257982893508525,0.125,12.49,0.899,0.309
0.1798332734831041,0.2141027902007006,0.034,18.906,0.899,0.309
-1.0146007988292387,-0.8043026873415046,0.21,20.698,0.899,0.309
0.0423018934322953,0.0443305859163955,0.002,4.728,0.899,0.309
1.2422540952234398,0.8984569805959268,0.344,27.692,0.899,0.309
1.659977590699107,1.0701800813816182,0.59,35.543,0.899,0.309
-1.0146007988292387,-1.024047035066629,0.009,0.887,0.899,0.309
-0.1728243005482077,-0.1844078063430974,0.012,6.943,0.899,0.309
-2.2240249469119115,-1.5526506255527102,0.671,30.171,0.899,0.309
-0.2634233147838638,0.0181038241283337,0.282,107.052,0.899,0.309
0.9741385885304062,0.7966441986734297,0.177,18.17,0.899,0.309
-0.3595771154284661,-0.5066617570626822,0.147,40.881,0.899,0.309
0.7283747907622842,0.3641541122006689,0.364,49.974,0.899,0.309
-0.1449038496887806,0.5635627052066019,0.708,488.6,0.899,0.309
0.6258845377268483,0.6062921052869713,0.02,3.195,0.899,0.309
0.2518391863562255,0.2395101390624965,0.012,4.765,0.899,0.309
-1.0146007988292387,-1.0222554458123274,0.008,0.788,0.899,0.309
-0.1020472959296238,-0.1047926948389238,0.003,2.94,0.899,0.309
0.2437598264093205,0.1778931023958138,0.066,27.076,0.899,0.309
-0.4620115980764399,-0.4568675247081098,0.005,1.082,0.899,0.309
-2.2240249469119115,-2.146260564400944,0.078,3.507,0.899,0.309
0.185055576008227,0.5116449801244758,0.327,176.704,0.899,0.309
-2.0399775357448537,-2.0780477614524493,0.038,1.863,0.899,0.309
-1.0146007988292387,-1.0290516286786229,0.014,1.38,0.899,0.309
-2.0399775357448537,-0.9853495994604584,1.055,51.716,0.899,0.309
-1.0917421470365325,-1.1182509382464936,0.027,2.473,0.899,0.309
-1.0146007988292387,-1.0449056329393318,0.03,2.957,0.899,0.309
-0.301180586785089,-0.317320572539551,0.016,5.312,0.899,0.309
-0.8168361960642406,-0.6702166282414129,0.147,17.996,0.899,0.309
0.6083268219957556,0.5912717206996874,0.017,2.795,0.899,0.309
-2.098959630502747,-2.171299862572653,0.072,3.43,0.899,0.309
0.6661041193875922,0.5105575554417735,0.156,23.42,0.899,0.309
-2.0232794780183267,-1.6756861948422168,0.348,17.2,0.899,0.309
-0.2634233147838638,-0.2546004433001601,0.009,3.417,0.899,0.309
-0.002478664922338,-0.0666659250742178,0.064,2582.035,0.899,0.309
-1.0146007988292387,-1.025205819343476,0.011,1.084,0.899,0.309
0.2811125177767496,0.1787208670117275,0.102,36.284,0.899,0.309
-1.171442395503177,-1.2788687466015698,0.107,9.134,0.899,0.309
0.6024303079140052,-0.0172955531805169,0.62,102.916,0.899,0.309
-0.884917321223495,-0.9159239449317448,0.031,3.503,0.899,0.309
-1.0917421470365325,-1.0019644230224178,0.09,8.244,0.899,0.309
-0.2634233147838638,-0.2529677141528237,0.01,3.796,0.899,0.309
-0.2784173493348844,-0.2004391948043213,0.078,28.015,0.899,0.309
0.2758305635539251,0.4035629720106309,0.128,46.405,0.899,0.309
-1.2065391414815023,-1.2469011157541263,0.04,3.315,0.899,0.309
0.5202959350316833,0.6518220067728518,0.132,25.37,0.899,0.309
0.3278664759178747,0.3732734840696524,0.045,13.725,0.899,0.309
0.4210124860684678,0.4485569040443524,0.028,6.651,0.899,0.309
1.3371902049285822,0.9197561993605732,0.417,31.185,0.899,0.309
-0.4833263135106019,-0.3062290830377725,0.177,36.621,0.899,0.309
1.4926252736532306,1.4057643703478269,0.087,5.829,0.899,0.309
-1.0146007988292387,-1.0278630437009495,0.013,1.281,0.899,0.309
1.673602297865765,1.599120393493698,0.074,4.422,0.899,0.309
-0.1825378852809028,-0.1567819275228148,0.026,14.244,0.899,0.309
0.6957327622308257,1.003654674220011,0.308,44.27,0.899,0.309
-0.9410756778371288,-0.9039518111594322,0.037,3.932,0.899,0.309
0.5786200845036876,0.6270772082775,0.048,8.296,0.899,0.309
-1.0917421470365325,-1.121749960043975,0.03,2.748,0.899,0.309
-0.2634233147838638,-0.2561435210872175,0.007,2.657,0.899,0.309
-0.1380006969778434,0.1387332326131541,0.277,200.724,0.899,0.309
0.909251798959539,0.6283578051601124,0.281,30.905,0.899,0.309
0.824876031854336,1.0402342654815273,0.215,26.065,0.899,0.309
0.4449448941195903,0.514589413445895,0.07,15.732,0.899,0.309
0.9276922673091232,0.4404353442312725,0.487,52.496,0.899,0.309
1.3532456687982932,1.036143066412724,0.317,23.425,0.899,0.309
0.0377516127161662,0.0548967487269099,0.017,45.031,0.899,0.309
0.0408275723725496,0.2468770588414083,0.206,504.561,0.899,0.309
-1.0146007988292387,-1.0346365963049555,0.02,1.971,0.899,0.309
-1.0917421470365325,-1.0428437964207704,0.049,4.488,0.899,0.309
0.5649287868968149,0.6307345510910154,0.066,11.683,0.899,0.309
-0.4739121400620893,0.4676611274312033,0.942,198.771,0.899,0.309
-0.1640456602801166,-0.1658981346842082,0.002,1.219,0.899,0.309
-0.7116155793311174,-0.8179876715064439,0.106,14.896,0.899,0.309
1.0937478031747172,1.4034275798032474,0.31,28.343,0.899,0.309
-0.1449038496887806,0.4977450225617644,0.643,443.743,0.899,0.309
0.0922166792575058,0.1101757659729717,0.018,19.519,0.899,0.309
1.967195683993044,2.0419836343116207,0.075,3.813,0.899,0.309
0.1818006969166564,0.0692283303224952,0.113,62.156,0.899,0.309
-0.2541243016503436,-0.1861113109627698,0.068,26.759,0.899,0.309
-2.2240249469119115,-1.216698806028998,1.007,45.278,0.899,0.309
-0.6013992867490568,-0.54848466172305,0.053,8.813,0.899,0.309
1.5318367675383353,1.4320218431095189,0.1,6.528,0.899,0.309
0.3188976471262506,-0.7715729086748983,1.09,341.802,0.899,0.309
-0.2014658547746513,-0.465445017270574,0.264,131.04,0.899,0.309
0.5259449829875293,0.5570259297739304,0.031,5.894,0.899,0.309
1.8451132885350243,1.6684855166542978,0.177,9.593,0.899,0.309
-0.3398690808213103,-0.3153421208175666,0.025,7.356,0.899,0.309
0.8544234889368965,0.7774536521830709,0.077,9.012,0.899,0.309
-0.2965252320392585,-0.2002581015388312,0.096,32.375,0.899,0.309
0.6609386918620439,0.6556859717266159,0.005,0.756,0.899,0.309
0.5259449829875293,0.9064414575351644,0.38,72.251,0.899,0.309
-0.3619588045329333,-0.2510122954433388,0.111,30.666,0.899,0.309
-1.0146007988292387,-1.0253832272262668,0.011,1.084,0.899,0.309
-0.3496921493745593,-0.3457765143127607,0.004,1.144,0.899,0.309
1.375713248859772,1.3565690020915075,0.019,1.381,0.899,0.309
-0.2375237348651051,0.3028826864584454,0.54,227.346,0.899,0.309
0.909251798959539,0.7564484194625395,0.153,16.827,0.899,0.309
-1.0917421470365325,-0.6183604848995864,0.473,43.325,0.899,0.309
0.8369468851295857,1.1025816515055722,0.266,31.782,0.899,0.309
-0.1208745561173406,-0.0646740366215354,0.056,46.329,0.899,0.309
0.49174147134962,0.5343955433675716,0.043,8.744,0.899,0.309
0.5259449829875293,0.546869922671647,0.021,3.993,0.899,0.309
1.0208953117877635,0.4306448229446161,0.59,57.792,0.899,0.309
1.3552410969945985,1.3984464971860024,0.043,3.173,0.899,0.309
0.185055576008227,0.1965179498273927,0.011,5.944,0.899,0.309
-2.098959630502747,-2.148851464129542,0.05,2.382,0.899,0.309
-0.2634233147838638,-0.2411453046405894,0.022,8.352,0.899,0.309
-1.9282763494169253,-0.6385510402578125,1.29,66.899,0.899,0.309
1.0484159648910518,1.222147132818101,0.174,16.596,0.899,0.309
0.1221881000308488,0.1639823361025726,0.042,34.373,0.899,0.309
1.286625426723841,1.4149363223355949,0.128,9.949,0.899,0.309
-0.0871731757549294,-0.113532568695024,0.026,29.826,0.899,0.309
-1.0146007988292387,-1.0353351204415706,0.021,2.07,0.899,0.309
-1.0146007988292387,-1.0266686945827657,0.012,1.183,0.899,0.309
-0.7290877924927367,-0.7174680608120152,0.012,1.646,0.899,0.309
-0.1640456602801166,-0.1520873280844472,0.012,7.315,0.899,0.309
0.7172433273182962,0.6711223179101787,0.046,6.413,0.899,0.309
-0.560294605321935,-0.3470553745264499,0.213,38.016,0.899,0.309
-0.7473661379324656,-0.9693037503293672,0.222,29.704,0.899,0.309
-0.2634233147838638,-0.2554360999294888,0.008,3.037,0.899,0.309
-0.5490652164838192,-0.4224027254283913,0.127,23.13,0.899,0.309
-0.1825378852809028,-0.1702202797962435,0.012,6.574,0.899,0.309
1.0806178945217455,0.7716648524131388,0.309,28.595,0.899,0.309
0.3188976471262506,0.0978045940794639,0.221,69.301,0.899,0.309
0.5696740236427154,0.3803846331460623,0.189,33.177,0.899,0.309
-0.0298836981009832,0.0028349640595197,0.033,110.428,0.899,0.309
-0.301180586785089,-0.3334149560539635,0.032,10.625,0.899,0.309
-0.4514618681883035,-0.3995116124965406,0.052,11.518,0.899,0.309
-0.7473661379324656,-0.8951857123155075,0.148,19.803,0.899,0.309
1.2949366457520113,1.3568190513808152,0.062,4.788,0.899,0.309
-1.590127315540472,-0.8641199644126277,0.726,45.657,0.899,0.309
-0.1640456602801166,-0.1583049848911289,0.006,3.658,0.899,0.309
-1.0917421470365325,-1.1262185710077712,0.034,3.114,0.899,0.309
1.4209809092970769,1.245652454743546,0.175,12.315,0.899,0.309
-0.5751732956633423,-0.2863852721574348,0.289,50.246,0.899,0.309
-0.4876242310541851,-0.5062663439144482,0.019,3.896,0.899,0.309
-0.078859754485655,-0.0745816008394184,0.004,5.072,0.899,0.309
-0.083010958078031,-0.0672846114985336,0.016,19.275,0.899,0.309
-1.0146007988292387,-1.0295654145031945,0.015,1.478,0.899,0.309
-1.0146007988292387,-1.0268772707811609,0.012,1.183,0.899,0.309
-2.2240249469119115,-2.162025911849941,0.062,2.788,0.899,0.309
0.2558633157680403,0.2733071462555467,0.017,6.644,0.899,0.309
1.4425055098385586,0.9735866876944852,0.469,32.513,0.899,0.309
1.5429634616362975,1.6402648715369208,0.097,6.287,0.899,0.309
-0.1640456602801166,-0.1439941019368849,0.02,12.192,0.899,0.309
0.2518391863562255,0.3296141713391394,0.078,30.972,0.899,0.309
-2.098959630502747,-2.1501160536308195,0.051,2.43,0.899,0.309
0.1798332734831041,0.2078081501689412,0.028,15.57,0.899,0.309
-1.247914874106766,-1.3156789200837635,0.068,5.449,0.899,0.309
-0.1640456602801166,-0.1504851032379243,0.014,8.534,0.899,0.309
0.8360216483453782,0.8408158906666643,0.005,0.598,0.899,0.309
-1.0146007988292387,-1.0265316166021727,0.012,1.183,0.899,0.309
-1.0146007988292387,-1.018781379452825,0.004,0.394,0.899,0.309
-0.4058678316007059,-0.3297302013706699,0.076,18.725,0.899,0.309
0.372023683387685,0.4040402892232613,0.032,8.602,0.899,0.309
0.4567755604637498,0.5034098878978573,0.047,10.29,0.899,0.309
0.7017935769383894,0.7176983710658482,0.016,2.28,0.899,0.309
0.2491506871169625,0.3339045427211384,0.085,34.116,0.899,0.309
1.673602297865765,1.5863373780401824,0.087,5.198,0.899,0.309
-0.1735287185762752,-0.1135290639220452,0.06,34.576,0.899,0.309
-0.0696831574579973,-0.0614879915747386,0.008,11.481,0.899,0.309
-2.098959630502747,-1.0292685767648924,1.07,50.978,0.899,0.309
0.0989677829078327,0.0735597556279781,0.025,25.261,0.899,0.309
0.6136681241328695,0.6998910083704643,0.086,14.014,0.899,0.309
-0.9267753151621672,-0.8448271816393867,0.082,8.848,0.899,0.309
-2.098959630502747,-2.145944181309669,0.047,2.239,0.899,0.309
-0.1640456602801166,-0.1618453466691942,0.002,1.219,0.899,0.309
-2.2240249469119115,-2.2447475845748595,0.021,0.944,0.899,0.309
0.7501200446381162,0.6782608188806744,0.072,9.598,0.899,0.309
0.5259449829875293,0.5573023753275523,0.031,5.894,0.899,0.309
0.5696740236427154,0.565434431513556,0.004,0.702,0.899,0.309
-0.270902417971411,-0.2327997829927554,0.038,14.027,0.899,0.309
1.1220365708346665,1.1559514076347794,0.034,3.03,0.899,0.309
-1.0146007988292387,-0.1062102922068047,0.908,89.493,0.899,0.309
-0.1208745561173406,-0.1235456218263586,0.003,2.482,0.899,0.309
2.2894643563532258,1.253025952145833,1.036,45.251,0.899,0.309
0.7366891131657013,0.8112609720891092,0.075,10.181,0.899,0.309
-0.2634233147838638,-0.1573347167142272,0.106,40.239,0.899,0.309
-0.3242790004906523,-0.216538373115,0.108,33.305,0.899,0.309
-1.0146007988292387,-1.0305176135362892,0.016,1.577,0.899,0.309
-0.2541243016503436,0.0427897203793904,0.297,116.872,0.899,0.309
0.3007629491040351,0.3981051905056578,0.097,32.251,0.899,0.309
0.5123529361778605,0.3730698820283824,0.139,27.13,0.899,0.309
1.7269477615974869,1.594659492978406,0.132,7.644,0.899,0.309
1.0208953117877635,0.8451239592639698,0.176,17.24,0.899,0.309
-0.1436071925640007,-0.1084578926166194,0.035,24.372,0.899,0.309
0.1977299543971437,-0.4076321536281573,0.605,305.973,0.899,0.309
0.2082603029011515,0.185338494580199,0.023,11.044,0.899,0.309
-0.1640456602801166,-0.1824676658621072,0.018,10.973,0.899,0.309
-0.4899931144947342,-0.3836349218208873,0.106,21.633,0.899,0.309
0.3188976471262506,-0.1606082878638896,0.48,150.519,0.899,0.309
0.657831251581232,0.9001224732126577,0.242,36.788,0.899,0.309
1.027462517285072,1.690721189145644,0.663,64.528,0.899,0.309
0.0708077803151119,-0.0152205779276814,0.086,121.456,0.899,0.309
0.3188976471262506,0.6135182903688329,0.295,92.506,0.899,0.309
-0.5356952015581665,-0.4633504750280201,0.072,13.44,0.899,0.309
0.5089364435269681,0.4962767930424577,0.013,2.554,0.899,0.309
-1.0146007988292387,-1.0285007163158848,0.014,1.38,0.899,0.309
-0.301180586785089,-0.2831376557095531,0.018,5.976,0.899,0.309
-1.0917421470365325,-1.1134243211921715,0.022,2.015,0.899,0.309
-0.4984208250961358,-0.5826398491480516,0.084,16.853,0.899,0.309
-2.098959630502747,-2.1328864941589627,0.034,1.62,0.899,0.309
-0.1640456602801166,-0.1509820127822514,0.013,7.925,0.899,0.309
0.8599022101824901,0.7186468618083243,0.141,16.397,0.899,0.309
-2.2240249469119115,-2.080132957777027,0.144,6.475,0.899,0.309
-0.4726327552510805,-0.3895720851177424,0.083,17.561,0.899,0.309
0.1662754886516834,0.1759844350477261,0.01,6.014,0.899,0.309
-0.1277025926734644,-0.1126847902754285,0.015,11.746,0.899,0.309
-0.940501153413147,-0.6574560254487258,0.283,30.09,0.899,0.309
-0.0499095295439793,-0.0568532336307962,0.007,14.025,0.899,0.309
-2.2240249469119115,-2.2465901207673027,0.023,1.034,0.899,0.309
0.5259449829875293,0.0972008090909288,0.429,81.567,0.899,0.309
0.5997427298673267,0.5788337321774515,0.021,3.502,0.899,0.309
1.2810530808966205,1.4191119992932244,0.138,10.772,0.899,0.309
-0.1380006969778434,-0.2238726486088641,0.086,62.319,0.899,0.309
0.1867084874916424,0.1948412731926488,0.008,4.285,0.899,0.309
-1.0146007988292387,-1.037957793653102,0.023,2.267,0.899,0.309
-1.0917421470365325,-1.110175356227488,0.018,1.649,0.899,0.309
0.3632911181301619,0.4871177793268073,0.124,34.132,0.899,0.309
-0.0329083633393158,0.0092845275948507,0.042,127.627,0.899,0.309
-1.0146007988292387,-0.923456972287779,0.091,8.969,0.899,0.309
-0.1905303454221397,-0.1751380068680561,0.015,7.873,0.899,0.309
-0.3496921493745593,-0.382414546092246,0.033,9.437,0.899,0.309
1.8451132885350243,1.2975055127544506,0.548,29.7,0.899,0.309
-2.2240249469119115,-2.2359005525550297,0.012,0.54,0.899,0.309
-0.1640456602801166,-0.1692802724139764,0.005,3.048,0.899,0.309
0.9268190477362576,0.5582125931552128,0.369,39.814,0.899,0.309
0.0926329717881452,0.0537681987493877,0.039,42.102,0.899,0.309
-0.504934629287396,-0.5078602641265922,0.003,0.594,0.899,0.309
-0.7366358692304119,-0.7749145250156365,0.038,5.159,0.899,0.309
0.0545952378242381,0.1607329304469383,0.106,194.156,0.899,0.309
0.7704875719828543,0.7026412812945597,0.068,8.826,0.899,0.309
-0.5092922402064368,-0.4407476155984466,0.069,13.548,0.899,0.309
-2.098959630502747,-1.3952019163390723,0.704,33.54,0.899,0.309
-1.0146007988292387,-1.042190937507638,0.028,2.76,0.899,0.309
0.3188976471262506,-0.1530483048029552,0.472,148.01,0.899,0.309
1.072201296625711,1.0006487337462473,0.072,6.715,0.899,0.309
-0.2375237348651051,0.4184701565001189,0.656,276.183,0.899,0.309
1.083782270626768,0.9860738993866156,0.098,9.042,0.899,0.309
1.072201296625711,1.015581037626462,0.057,5.316,0.899,0.309
0.5043695147639733,0.5690558019777002,0.065,12.887,0.899,0.309
1.301141290315707,1.1449920499570077,0.156,11.989,0.899,0.309
-2.2240249469119115,-2.277342738260582,0.053,2.383,0.899,0.309
0.9825908661014164,0.8234702186621606,0.159,16.182,0.899,0.309
0.0695108905173816,0.0911709475355464,0.022,31.65,0.899,0.309
-1.0146007988292387,-0.1531421229743719,0.861,84.861,0.899,0.309
-0.2513453125761336,-0.3771839918479196,0.126,50.13,0.899,0.309
0.7075900118609162,0.3968852376272174,0.311,43.952,0.899,0.309
-0.3496921493745593,-0.269842767405735,0.08,22.877,0.899,0.309
-2.198841933199169,-2.0594058351481093,0.139,6.322,0.899,0.309
0.2518391863562255,0.2911811262600256,0.039,15.486,0.899,0.309
-0.0329083633393158,0.0377967090538469,0.071,215.751,0.899,0.309
0.4051608725054608,0.043909299796377,0.361,89.1,0.899,0.309
-1.0917421470365325,-0.9081144686720044,0.184,16.854,0.899,0.309
0.4330243282331089,0.4203244672713464,0.013,3.002,0.899,0.309
0.1428972993837014,0.1691699261958872,0.026,18.195,0.899,0.309
-1.0917421470365325,0.0535497162856535,1.145,104.878,0.899,0.309
-0.0460397515275813,0.5064061406019417,0.552,1198.964,0.899,0.309
-1.6567033141683816,-1.6458779350464492,0.011,0.664,0.899,0.309
2.2546349949828963,0.8220055217472046,1.433,63.558,0.899,0.309
0.8117719312483072,0.3369165104311191,0.475,58.514,0.899,0.309
0.5696740236427154,0.2882106599654254,0.281,49.326,0.899,0.309
2.022870349169461,1.4545620750117207,0.568,28.079,0.899,0.309
-0.1880394358696346,-0.8178585086972504,0.63,335.036,0.899,0.309
0.0253871039999526,0.1422667174772115,0.117,460.864,0.899,0.309
0.4449448941195903,0.4731852763543341,0.028,6.293,0.899,0.309
0.927648617872646,0.4994687068824472,0.428,46.138,0.899,0.309
-0.3398690808213103,-0.3243265808872646,0.016,4.708,0.899,0.309
-0.7477978951161761,-0.9450476115692508,0.197,26.344,0.899,0.309
0.945918484704966,0.9981573374699558,0.052,5.497,0.899,0.309
-0.5490652164838192,-1.1551146752904389,0.606,110.369,0.899,0.309
0.5982141326452878,0.5802065027837571,0.018,3.009,0.899,0.309
-0.7313986774150132,-0.7874897303914216,0.056,7.657,0.899,0.309
-0.6060336739368295,-0.6206995757730213,0.015,2.475,0.899,0.309
0.4499246454654177,0.8494567733252223,0.4,88.904,0.899,0.309
1.4926252736532306,1.4230896309713514,0.07,4.69,0.899,0.309
-2.2240249469119115,-2.253262497743148,0.029,1.304,0.899,0.309
-2.098959630502747,-1.926954840568696,0.172,8.195,0.899,0.309
-0.2283765432216205,-0.1886192544093444,0.04,17.515,0.899,0.309
-0.7366358692304119,-0.6091590948049997,0.127,17.241,0.899,0.309
-0.1640456602801166,-0.1699357367200125,0.006,3.658,0.899,0.309
0.6957327622308257,1.0393022767976363,0.344,49.444,0.899,0.309
0.1662754886516834,0.2402584170070615,0.074,44.504,0.899,0.309
0.66299657003748,0.6753444870375109,0.012,1.81,0.899,0.309
-0.4058678316007059,-0.3652112172094816,0.041,10.102,0.899,0.309
-0.0091265443827067,0.0156004404169463,0.025,273.926,0.899,0.309
-0.0413859153437262,0.1263615554696562,0.168,405.935,0.899,0.309
0.1520270807801884,0.2836317214442772,0.132,86.827,0.899,0.309
-0.1174716503965618,-0.1127723125549119,0.005,4.256,0.899,0.309
1.0963763286114123,0.8054073065461358,0.291,26.542,0.899,0.309
0.3690351339736266,-0.0583071545759104,0.427,115.707,0.899,0.309
0.7681602161808292,0.7699805448573446,0.002,0.26,0.899,0.309
0.2844047307839083,0.2979272929033065,0.014,4.923,0.899,0.309
0.9485050292680998,0.8865818197786759,0.062,6.537,0.899,0.309
-0.1640456602801166,-0.1560532476222016,0.008,4.877,0.899,0.309
0.4028204895182828,0.3899796325437026,0.013,3.227,0.899,0.309
0.6145956560333795,0.7815196234785641,0.167,27.172,0.899,0.309
-2.098959630502747,-2.1494710765654514,0.051,2.43,0.899,0.309
1.9363200650454924,1.7502391335000165,0.186,9.606,0.899,0.309
-0.2634233147838638,-0.2584151182238281,0.005,1.898,0.899,0.309
1.301141290315707,1.15508643478436,0.146,11.221,0.899,0.309
0.9256743941575898,0.766400188343859,0.159,17.177,0.899,0.309
0.8692538992426805,0.263840241114844,0.605,69.6,0.899,0.309
-0.1380006969778434,-0.1747964906336903,0.037,26.811,0.899,0.309
-1.0146007988292387,-0.8776236046689901,0.137,13.503,0.899,0.309
-0.2192823790739465,0.5359371157221291,0.755,344.305,0.899,0.309
0.3690351339736266,0.1185986445431684,0.25,67.744,0.899,0.309
-1.2065391414815023,-1.2216896733224605,0.015,1.243,0.899,0.309
-1.0146007988292387,-1.0371390466609391,0.023,2.267,0.899,0.309
-0.0697655903379796,0.4111711462133126,0.481,689.452,0.899,0.309
0.1347563860981697,0.2031216761600834,0.068,50.461,0.899,0.309
0.4295983219099759,0.2895264641608186,0.14,32.589,0.899,0.309
0.8480073698818176,0.624448616206361,0.224,26.415,0.899,0.309
0.5649287868968149,0.2917116303788945,0.273,48.325,0.899,0.309
0.1003736951040436,-0.36883896427407,0.469,467.254,0.899,0.309
-0.1475003836699513,-0.4501906430674841,0.303,205.423,0.899,0.309
1.0686943084476144,1.0825083140646918,0.014,1.31,0.899,0.309
-0.489002055304495,-0.251629479437762,0.237,48.466,0.899,0.309
0.7416114232040728,0.8340652740364429,0.092,12.405,0.899,0.309
-0.662741255008902,-0.4667146992438084,0.196,29.574,0.899,0.309
-0.6412349771333579,-0.6275610253205746,0.014,2.183,0.899,0.309
-1.0917421470365325,-1.1077235895301425,0.016,1.466,0.899,0.309
1.5318367675383353,1.4451282182756864,0.087,5.679,0.899,0.309
0.1733514542894331,-0.2923295786708523,0.466,268.818,0.899,0.309
-0.1640456602801166,-0.1140486106529226,0.05,30.479,0.899,0.309
-0.1498235941513352,-0.1186543168426068,0.031,20.691,0.899,0.309
0.4696870648079068,0.3293357630309556,0.14,29.807,0.899,0.309
-0.739159987107471,-0.7929956967928035,0.054,7.306,0.899,0.309
1.3405486710414438,1.3060027467653876,0.035,2.611,0.899,0.309
0.3188976471262506,1.5759346023951444,1.257,394.17,0.899,0.309
1.5429634616362975,1.6395614406071304,0.097,6.287,0.899,0.309
-0.0705901574645325,-0.0048334460183676,0.066,93.497,0.899,0.309
0.5259449829875293,0.5450201276414223,0.019,3.613,0.899,0.309
-0.2821883581751697,0.0327524972488828,0.315,111.628,0.899,0.309
0.9311802930310524,0.3258251247610423,0.605,64.971,0.899,0.309
0.2491506871169625,0.3646802681366732,0.116,46.558,0.899,0.309
0.2424092116705777,0.323407549708555,0.081,33.415,0.899,0.309
0.6661041193875922,0.5363333635908227,0.13,19.516,0.899,0.309
0.5032257021561376,0.586867670770199,0.084,16.692,0.899,0.309
-1.0146007988292387,-1.045882326815857,0.031,3.055,0.899,0.309
-0.2634233147838638,-0.2477465001677783,0.016,6.074,0.899,0.309
2.3381700632541533,2.332317768362082,0.006,0.257,0.899,0.309
-2.098959630502747,-1.9378145459551457,0.161,7.67,0.899,0.309
0.3061434038450806,0.0102328580162166,0.296,96.687,0.899,0.309
1.9979431490877408,1.6865545125186798,0.311,15.566,0.899,0.309
0.2295200409908364,-0.0483886585677316,0.278,121.122,0.899,0.309
-2.2240249469119115,-2.2477748664556723,0.024,1.079,0.899,0.309
1.6851663931601109,1.5025300282676786,0.183,10.859,0.899,0.309
-0.1640456602801166,-0.0349771344775933,0.129,78.637,0.899,0.309
0.1733514542894331,0.3326421558723377,0.159,91.721,0.899,0.309
0.7900032590416552,1.002860668584432,0.213,26.962,0.899,0.309
-2.2240249469119115,-2.0931338380983697,0.131,5.89,0.899,0.309
0.9407325661900025,0.8785350618470864,0.062,6.591,0.899,0.309
-1.0917421470365325,-1.1081060190102008,0.016,1.466,0.899,0.309
0.7659939302438987,0.9704442371293248,0.204,26.632,0.899,0.309
-1.0917421470365325,-1.1111280407698447,0.019,1.74,0.899,0.309
0.9276922673091232,1.0333100910267152,0.106,11.426,0.899,0.309
0.7416114232040728,1.0557622697841011,0.314,42.34,0.899,0.309
0.3454257452438758,0.20474911295932,0.141,40.819,0.899,0.309
0.7465183365640666,0.7955990095623322,0.049,6.564,0.899,0.309
0.5145355930783628,0.4583758574784345,0.056,10.884,0.899,0.309
0.771789770292851,0.6615142213469923,0.11,14.253,0.899,0.309
1.473632303286133,1.4863096963814564,0.013,0.882,0.899,0.309
0.0526140255350675,-0.0611264800331216,0.114,216.672,0.899,0.309
0.2558633157680403,-0.3682346238926441,0.624,243.88,0.899,0.309
-0.2541243016503436,-0.1972013757202267,0.057,22.43,0.899,0.309
1.6239894128646986,0.9449397486766898,0.679,41.811,0.899,0.309
-1.136007191987227,-1.0581237386728373,0.078,6.866,0.899,0.309
0.3188976471262506,-0.5607693700783594,0.88,275.951,0.899,0.309
-1.0146007988292387,-0.9771695742512048,0.037,3.647,0.899,0.309
1.375713248859772,1.3399367554104125,0.036,2.617,0.899,0.309
0.1943898418745322,0.2896724255103993,0.095,48.871,0.899,0.309
0.1605916457593445,0.137422083656537,0.023,14.322,0.899,0.309
2.294819917534787,2.206655744109608,0.088,3.835,0.899,0.309
0.9570961729860842,0.9387502342340434,0.018,1.881,0.899,0.309
0.1789893360886908,0.1865624657096055,0.008,4.47,0.899,0.309
-1.0146007988292387,-1.026819930690044,0.012,1.183,0.899,0.309
1.2949366457520113,1.0597325514368698,0.235,18.148,0.899,0.309
-0.5379156391859858,-0.4866741056134701,0.051,9.481,0.899,0.309
-0.1640456602801166,-0.1478103836037278,0.016,9.753,0.899,0.309
0.6969973644130905,0.5299819475802896,0.167,23.96,0.899,0.309
0.9048290756406088,0.9451722398634858,0.04,4.421,0.899,0.309
-0.0059573737651745,0.040809072403502,0.047,788.938,0.899,0.309
1.0686943084476144,1.074301697671791,0.006,0.561,0.899,0.309
0.6136681241328695,0.5852461071039494,0.028,4.563,0.899,0.309
-0.8846401343825672,-0.9161739629806096,0.032,3.617,0.899,0.309
-0.5356952015581665,-0.4455157371195993,0.09,16.801,0.899,0.309
-0.1728243005482077,-0.1575971949141987,0.015,8.679,0.899,0.309
1.8451132885350243,1.5158536930743742,0.329,17.831,0.899,0.309
-1.8752733712547665,-1.6434432041380524,0.232,12.372,0.899,0.309
1.3453856438897052,1.309000005268599,0.036,2.676,0.899,0.309
-0.6651491433130333,-0.2776811416995929,0.387,58.182,0.899,0.309
0.2220091982889967,1.363293089249148,1.141,513.943,0.899,0.309
-0.6748663202046845,-0.6827115361153289,0.008,1.185,0.899,0.309
-0.1286780116580264,-0.0795313500669943,0.049,38.08,0.899,0.309
0.4149718974644154,0.3841702927134611,0.031,7.47,0.899,0.309
-1.1288014513024407,-1.0503187540904149,0.078,6.91,0.899,0.309
0.4449448941195903,0.5253913986630976,0.08,17.98,0.899,0.309
0.5696740236427154,0.2853466482295361,0.284,49.853,0.899,0.309
-1.0917421470365325,-1.1093646730009032,0.018,1.649,0.899,0.309
0.96989531052495,0.8666216042562337,0.103,10.62,0.899,0.309
0.5813440631741351,0.6246139539264938,0.043,7.397,0.899,0.309
-0.3262193086194569,-0.0662140753927563,0.26,79.701,0.899,0.309
-2.098959630502747,-2.0715110389242075,0.027,1.286,0.899,0.309
-0.1318137256369192,-0.0336657548385,0.098,74.347,0.899,0.309
0.53068575693389,0.5018969250134575,0.029,5.465,0.899,0.309
1.295806774731019,0.6115548733903162,0.684,52.786,0.899,0.309
-0.0545071193912515,-0.0434000801652778,0.011,20.181,0.899,0.309
-0.2739979662255958,-0.2587645284707077,0.015,5.474,0.899,0.309
-0.1466343947315093,-0.1240415467043943,0.023,15.685,0.899,0.309
0.921876204877674,0.6559062430854811,0.266,28.854,0.899,0.309
-0.078859754485655,-0.1312138834046782,0.052,65.94,0.899,0.309
0.9381331639015468,0.3749217750401236,0.563,60.013,0.899,0.309
-0.8985598257293873,-0.8769692404544145,0.022,2.448,0.899,0.309
-1.0146007988292387,-1.0467314677688695,0.032,3.154,0.899,0.309
-2.2240249469119115,-2.2503022687583707,0.026,1.169,0.899,0.309
-0.9818244343796492,-0.9724080506146204,0.009,0.917,0.899,0.309
-0.736787201827485,-0.7624164635341524,0.026,3.529,0.899,0.309
-0.2634233147838638,-0.0154292920881929,0.248,94.145,0.899,0.309
0.5704196532731953,0.5708748126100434,0.0,0.0,0.899,0.309
-0.6827177489243504,-0.5924836959871902,0.09,13.183,0.899,0.309
-0.4876242310541851,-0.495151536333065,0.008,1.641,0.899,0.309
0.0938960406907836,0.0603366656487735,0.034,36.21,0.899,0.309
0.824876031854336,0.9558165611522804,0.131,15.881,0.899,0.309
0.934964738590046,0.9791753563995008,0.044,4.706,0.899,0.309
0.3085547147359311,1.173147279211456,0.865,280.339,0.899,0.309
-0.1640456602801166,-0.0692182154445351,0.095,57.911,0.899,0.309
-0.6651491433130333,-0.6740302324538918,0.009,1.353,0.899,0.309
0.5921929233013312,0.6257891888481399,0.034,5.741,0.899,0.309
0.8369468851295857,0.8269486928417618,0.01,1.195,0.899,0.309
0.7130147967081926,0.7157883529693785,0.003,0.421,0.899,0.309
0.0708077803151119,0.0544640234979445,0.016,22.596,0.899,0.309
0.8599022101824901,-0.0097401217846849,0.87,101.174,0.899,0.309
0.4449448941195903,0.4784788405673937,0.034,7.641,0.899,0.309
1.2206755029647631,1.4499328628621182,0.229,18.76,0.899,0.309
0.41851450323432,0.2524513298026726,0.166,39.664,0.899,0.309
-0.136520478449658,-0.1713140021843151,0.035,25.637,0.899,0.309
0.1347563860981697,0.0420064661437577,0.093,69.013,0.899,0.309
2.3381700632541533,1.03507329007616,1.303,55.727,0.899,0.309
0.3188976471262506,-0.969226597149056,1.288,403.891,0.899,0.309
-0.078859754485655,-0.0782848831345156,0.001,1.268,0.899,0.309
-0.1020472959296238,-0.1055122033127676,0.003,2.94,0.899,0.309
0.8735158818677788,0.7184212821417981,0.155,17.744,0.899,0.309
0.372023683387685,0.1231603635323029,0.249,66.931,0.899,0.309
0.3532511547585793,0.2836753151291226,0.07,19.816,0.899,0.309
1.558222546395848,1.6352699655127494,0.077,4.942,0.899,0.309
-1.1987657814272166,-1.2941632384253252,0.095,7.925,0.899,0.309
-0.5524928822043034,-0.5382640335898754,0.014,2.534,0.899,0.309
-1.0146007988292387,-1.0704109404700444,0.056,5.519,0.899,0.309
-0.5158514368932037,-0.4386711452509003,0.077,14.927,0.899,0.309
0.7416114232040728,0.942214587386645,0.201,27.103,0.899,0.309
1.742603968613775,0.9957389008437476,0.747,42.867,0.899,0.309
-2.098959630502747,-1.0674922824429958,1.031,49.12,0.899,0.309
-0.2634233147838638,-0.2527316759300083,0.011,4.176,0.899,0.309
0.0708077803151119,0.142014354349828,0.071,100.271,0.899,0.309
-1.0146007988292387,-1.0306352108578745,0.016,1.577,0.899,0.309
0.0977976956156488,0.057467164552309,0.04,40.901,0.899,0.309
0.1003736951040436,0.0614308448745638,0.039,38.855,0.899,0.309
0.9483758032766634,0.9262822122255964,0.022,2.32,0.899,0.309
0.9485050292680998,1.0390202120015055,0.091,9.594,0.899,0.309
-0.1640456602801166,0.094310176463758,0.258,157.273,0.899,0.309
-1.0146007988292387,-1.0231362329007874,0.009,0.887,0.899,0.309
-0.5716049565665209,-0.5470798926330676,0.025,4.374,0.899,0.309
0.9276922673091232,0.9060184029793728,0.022,2.371,0.899,0.309
0.5259449829875293,0.5465629181879625,0.021,3.993,0.899,0.309
-0.4984208250961358,-0.3492171628640892,0.149,29.894,0.899,0.309
-0.0059573737651745,-0.4381292991590516,0.432,7251.517,0.899,0.309
-1.0146007988292387,-1.0470530498451331,0.032,3.154,0.899,0.309
-1.0146007988292387,-1.0173063481780444,0.003,0.296,0.899,0.309
-2.098959630502747,-2.144773605750867,0.046,2.192,0.899,0.309
-1.6567033141683816,-1.6633982873307216,0.007,0.423,0.899,0.309
-1.0146007988292387,-0.6895947106998701,0.325,32.032,0.899,0.309
0.556147479723618,0.4446123911389434,0.112,20.139,0.899,0.309
-1.9282763494169253,-0.4616194738060646,1.467,76.078,0.899,0.309
0.3267784738476014,0.5743863097117013,0.248,75.892,0.899,0.309
-0.301180586785089,-0.403172227939137,0.102,33.867,0.899,0.309
-0.1380006969778434,-0.0279689185759748,0.11,79.71,0.899,0.309
0.5483288052696694,0.5821596469083272,0.034,6.201,0.899,0.309
-0.1640456602801166,0.0597645673353063,0.224,136.547,0.899,0.309
0.3163079706605852,0.3662122991389444,0.05,15.807,0.899,0.309
0.5997427298673267,0.810105173504276,0.21,35.015,0.899,0.309
0.1733514542894331,0.0773853606801122,0.096,55.379,0.899,0.309
0.9741385885304062,0.8125745776706519,0.162,16.63,0.899,0.309
0.3831803090750927,0.3546456121392186,0.029,7.568,0.899,0.309
2.2546349949828963,0.9249044631570046,1.33,58.99,0.899,0.309
0.3188976471262506,-0.3596739355538513,0.679,212.921,0.899,0.309
1.270571451150768,1.2832505851770066,0.013,1.023,0.899,0.309
-1.0146007988292387,-1.0251424325038367,0.011,1.084,0.899,0.309
-0.1640456602801166,-0.1528901756395879,0.011,6.705,0.899,0.309
1.0948075895585356,0.6422541895819694,0.453,41.377,0.899,0.309
-0.078859754485655,-0.035509099112851,0.043,54.527,0.899,0.309
1.770397314299613,1.432825021608098,0.338,19.092,0.899,0.309
-1.0146007988292387,-1.040614073155479,0.026,2.563,0.899,0.309
-0.5771541562553777,-0.5315336678687377,0.046,7.97,0.899,0.309
-0.4336885613278,-0.4432620913830116,0.01,2.306,0.899,0.309
-1.0146007988292387,-1.0350122292782118,0.02,1.971,0.899,0.309
-1.0146007988292387,-1.0215365224526074,0.007,0.69,0.899,0.309
-1.0146007988292387,-1.05273885466613,0.038,3.745,0.899,0.309
-1.5179398530580177,-1.2693921378720194,0.249,16.404,0.899,0.309
-1.0146007988292387,-1.021943693730887,0.007,0.69,0.899,0.309
0.2183088557793351,0.2979495747898628,0.08,36.645,0.899,0.309
0.3188976471262506,-0.7501654947888993,1.069,335.217,0.899,0.309
1.9979431490877408,1.0893585432703738,0.909,45.497,0.899,0.309
-0.4347284943603466,-0.4045989244588458,0.03,6.901,0.899,0.309
0.2718573940459713,0.3135447469182939,0.042,15.449,0.899,0.309
1.6076628959531951,1.5725287690588954,0.035,2.177,0.899,0.309
-2.098959630502747,-2.078701538355838,0.02,0.953,0.899,0.309
-0.3242790004906523,-0.1949588667448383,0.129,39.781,0.899,0.309
-2.098959630502747,-2.135109319725592,0.036,1.715,0.899,0.309
0.834169536061588,0.6128798329880574,0.221,26.493,0.899,0.309
0.6781865757184672,0.2576463355863786,0.421,62.077,0.899,0.309
0.2811125177767496,0.2007555165918771,0.08,28.458,0.899,0.309
-1.0917421470365325,-1.111387201636472,0.02,1.832,0.899,0.309
-2.098959630502747,-2.11783649081252,0.019,0.905,0.899,0.309
-0.2634233147838638,-0.2509886843328778,0.012,4.555,0.899,0.309
0.1158293760067363,0.3145414490985004,0.199,171.804,0.899,0.309
1.144176669118135,1.057116883666587,0.087,7.604,0.899,0.309
-0.4984208250961358,-0.2021879261472402,0.296,59.388,0.899,0.309
0.3766199047632128,0.5058792794720613,0.129,34.252,0.899,0.309
-0.1640456602801166,-0.160992183892498,0.003,1.829,0.899,0.309
-0.1380006969778434,0.0978343899609157,0.236,171.014,0.899,0.309
-0.0871731757549294,0.178798998047752,0.266,305.14,0.899,0.309
-0.2084385184612865,-0.0175896799406333,0.191,91.634,0.899,0.309
-1.0146007988292387,-0.9448794011372958,0.07,6.899,0.899,0.309
-0.8793828687653561,-0.9132808662149065,0.034,3.866,0.899,0.309
-0.4739121400620893,0.4322818580427631,0.906,191.175,0.899,0.309
-0.617679896113605,-0.5779429135271927,0.04,6.476,0.899,0.309
0.73944750936875,0.7029262793817715,0.037,5.004,0.899,0.309
0.1874083487221426,0.3483953551702273,0.161,85.909,0.899,0.309
0.5259449829875293,0.5761603524756453,0.05,9.507,0.899,0.309
0.6126013176163071,0.5730547349742682,0.04,6.53,0.899,0.309
-0.2174698555653798,-0.2279075119471708,0.01,4.598,0.899,0.309
-1.0917421470365325,-1.123155113585272,0.031,2.839,0.899,0.309
1.5740112681091047,1.2164798931541507,0.358,22.744,0.899,0.309
1.7606742234698087,1.6742025180124167,0.086,4.884,0.899,0.309
-0.1277025926734644,-0.2932837773048141,0.166,129.99,0.899,0.309
0.372023683387685,0.0685375674216446,0.303,81.446,0.899,0.309
-1.0917421470365325,-1.095274738044663,0.004,0.366,0.899,0.309
0.2811125177767496,0.2165212405559409,0.065,23.122,0.899,0.309
-2.0691913953011607,-1.5565730566114102,0.513,24.792,0.899,0.309
-1.0146007988292387,-0.4231811629816022,0.591,58.25,0.899,0.309
0.0176095029315002,-0.0009057143300644,0.019,107.896,0.899,0.309
-1.0146007988292387,-1.0284833998065497,0.014,1.38,0.899,0.309
-0.2634233147838638,-0.2603843216906951,0.003,1.139,0.899,0.309
-1.0146007988292387,-0.494519725428039,0.52,51.252,0.899,0.309
0.3267784738476014,0.4710431901483353,0.144,44.067,0.899,0.309
-0.4202317938976262,-0.4232347159153219,0.003,0.714,0.899,0.309
0.3188976471262506,-1.0985161221535442,1.417,444.343,0.899,0.309
1.4646751388878116,0.9994346348546196,0.465,31.748,0.899,0.309
-0.3151915615898095,-0.7008149095998855,0.386,122.465,0.899,0.309
2.022870349169461,1.5047374965946718,0.518,25.607,0.899,0.309
-0.8815666450292245,-0.9043828635859524,0.023,2.609,0.899,0.309
-0.1640456602801166,-0.1500600305420956,0.014,8.534,0.899,0.309
0.5032257021561376,0.5472384358677415,0.044,8.744,0.899,0.309
1.5318367675383353,1.4226358244821349,0.109,7.116,0.899,0.309
1.1877406560255557,0.9948611912213248,0.193,16.249,0.899,0.309
-0.1728243005482077,-0.0814060075809075,0.091,52.655,0.899,0.309
0.0697522535338055,0.1144707856957673,0.045,64.514,0.899,0.309
0.7708252827603799,0.6004892235040754,0.17,22.054,0.899,0.309
-1.0146007988292387,-0.6555767860197509,0.359,35.383,0.899,0.309
-0.6894335124962228,-0.7574319456572464,0.068,9.863,0.899,0.309
-0.1640456602801166,-0.1542499758149768,0.01,6.096,0.899,0.309
-2.106792796763783,-2.122684364699106,0.016,0.759,0.899,0.309
1.3121115372743546,1.2600347705418442,0.052,3.963,0.899,0.309
0.0787766633995975,0.169322622748603,0.091,115.516,0.899,0.309
0.2183088557793351,0.2979885990981183,0.08,36.645,0.899,0.309
-0.091730967099494,-0.0845080485167124,0.007,7.631,0.899,0.309
-1.0146007988292387,-1.0242919290237362,0.01,0.986,0.899,0.309
-0.2634233147838638,-0.2561828349138594,0.007,2.657,0.899,0.309
-1.5059504868218,-1.5332616499996838,0.027,1.793,0.899,0.309
0.3188976471262506,1.5801370332081293,1.261,395.425,0.899,0.309
0.73944750936875,0.652140876915831,0.087,11.766,0.899,0.309
-1.0917421470365325,-0.0621047543616469,1.03,94.345,0.899,0.309
-2.2240249469119115,-2.2563953173079367,0.032,1.439,0.899,0.309
1.6183787526559084,1.495569795943921,0.123,7.6,0.899,0.309
0.478139185345595,0.5381312513364498,0.06,12.549,0.899,0.309
1.933536323654406,1.5548814336466226,0.379,19.601,0.899,0.309
-0.8463095278112234,-0.8262306090071071,0.02,2.363,0.899,0.309
0.3632911181301619,0.4530008981865493,0.09,24.774,0.899,0.309
0.5315737616211687,0.6541904795169404,0.123,23.139,0.899,0.309
-0.2474629798698485,0.0231769535221006,0.271,109.511,0.899,0.309
0.8369468851295857,1.2871794576785345,0.45,53.767,0.899,0.309
0.1818006969166564,0.112002652792375,0.07,38.504,0.899,0.309
0.9613741656076588,1.0073771513237793,0.046,4.785,0.899,0.309
-1.0146007988292387,-1.031150111932032,0.017,1.676,0.899,0.309
-0.1640456602801166,-0.1564346223452238,0.008,4.877,0.899,0.309
-1.0146007988292387,-1.0602465518731,0.046,4.534,0.899,0.309
-0.6651491433130333,-0.3671778259412788,0.298,44.802,0.899,0.309
-1.0917421470365325,-1.1177628254627985,0.026,2.382,0.899,0.309
-0.1286780116580264,-0.0784791746257924,0.05,38.857,0.899,0.309
1.2921711290866549,0.9446490467834504,0.348,26.931,0.899,0.309
0.0526140255350675,0.1616654097698979,0.109,207.169,0.899,0.309
-0.0772023439541464,-0.0183717936012192,0.059,76.423,0.899,0.309
0.4342204692915538,0.4375681327312395,0.003,0.691,0.899,0.309
0.3844150505179388,0.4385075407686691,0.054,14.047,0.899,0.309
1.2386782128404772,1.3295496407359968,0.091,7.347,0.899,0.309
1.3855240308181156,1.2396052550943322,0.146,10.538,0.899,0.309
0.5649287868968149,0.546030500067444,0.019,3.363,0.899,0.309
-0.4620115980764399,-0.4857062378993327,0.024,5.195,0.899,0.309
-0.0091265443827067,0.0732538560169999,0.082,898.478,0.899,0.309
0.3175964626608658,0.5248503800777033,0.207,65.177,0.899,0.309
-0.6196917899620695,-0.4704605803347721,0.149,24.044,0.899,0.309
-0.1640456602801166,-0.1573435392693253,0.007,4.267,0.899,0.309
-1.0146007988292387,-1.0217439338922982,0.007,0.69,0.899,0.309
0.879828723071532,0.8654923321814509,0.014,1.591,0.899,0.309
0.5880141494532295,0.5606785751441462,0.027,4.592,0.899,0.309
-1.8353426729522415,-2.0846188585869254,0.249,13.567,0.899,0.309
1.001859997667514,0.9555168835110868,0.046,4.591,0.899,0.309
-0.2541243016503436,-0.5845080802232224,0.33,129.858,0.899,0.309
1.1630285514519296,1.1077425484919057,0.055,4.729,0.899,0.309
-0.1905303454221397,-0.1810080126050246,0.01,5.249,0.899,0.309
-2.098959630502747,-2.145746819424883,0.047,2.239,0.899,0.309
-1.0146007988292387,-1.0241133561078604,0.01,0.986,0.899,0.309
0.5649287868968149,0.5477646418378221,0.017,3.009,0.899,0.309
-1.0146007988292387,-0.7637430627556477,0.251,24.739,0.899,0.309
0.5968349645822607,0.4219444551663394,0.175,29.321,0.899,0.309
-1.0146007988292387,-1.0431304474188368,0.029,2.858,0.899,0.309
-1.0146007988292387,-1.0628095744487185,0.048,4.731,0.899,0.309
2.3381700632541533,1.790655487313498,0.548,23.437,0.899,0.309
-0.7160152049337539,-0.5156169951707775,0.2,27.932,0.899,0.309
0.3188976471262506,1.2555901674939656,0.937,293.825,0.899,0.309
-0.9339092015905914,-0.9129854525652504,0.021,2.249,0.899,0.309
-0.4726327552510805,-0.4769111458187819,0.004,0.846,0.899,0.309
-0.1640456602801166,-0.1690536358877793,0.005,3.048,0.899,0.309
-2.098959630502747,-2.153162788904866,0.054,2.573,0.899,0.309
-0.1640456602801166,-0.0988504516461435,0.065,39.623,0.899,0.309
0.2082603029011515,0.2077398323701093,0.001,0.48,0.899,0.309
0.7218288291165714,0.6047725000733642,0.117,16.209,0.899,0.309
0.1874083487221426,0.0433470905816788,0.144,76.838,0.899,0.309
-2.027753234694744,-1.7822236567105048,0.246,12.132,0.899,0.309
-1.0146007988292387,-1.033234664828546,0.019,1.873,0.899,0.309
-2.098959630502747,-2.1386030770117137,0.04,1.906,0.899,0.309
-1.8353426729522415,-2.081801319493836,0.246,13.403,0.899,0.309
-0.4514618681883035,-0.4837883881239536,0.032,7.088,0.899,0.309
1.270571451150768,1.284398515508304,0.014,1.102,0.899,0.309
0.3188976471262506,0.5347093235176857,0.216,67.733,0.899,0.309
-2.2240249469119115,-2.237829903082306,0.014,0.629,0.899,0.309
-0.3479194515527617,-0.3913942522590135,0.043,12.359,0.899,0.309
-0.2375237348651051,0.2668969667768707,0.504,212.189,0.899,0.309
1.509861873834961,1.3002623482890237,0.21,13.909,0.899,0.309
-0.870842869347109,-0.895627594574013,0.025,2.871,0.899,0.309
-0.1640456602801166,0.0794038103070116,0.243,148.129,0.899,0.309
0.2082603029011515,0.1849352702539384,0.023,11.044,0.899,0.309
-0.2634233147838638,-0.1606421361275711,0.103,39.101,0.899,0.309
1.4185439981276329,1.1097883861383984,0.309,21.783,0.899,0.309
-1.0146007988292387,-1.0404087140294789,0.026,2.563,0.899,0.309
0.3436533017569562,0.4167887163927308,0.073,21.242,0.899,0.309
-1.0917421470365325,-0.953032912857356,0.139,12.732,0.899,0.309
0.2705307648572712,0.3434917285879654,0.073,26.984,0.899,0.309
0.1520270807801884,0.6912304647621889,0.539,354.542,0.899,0.309
-1.0146007988292387,-0.9875194824473358,0.027,2.661,0.899,0.309
-0.078859754485655,-0.1224092957343783,0.044,55.795,0.899,0.309
-1.0146007988292387,-1.046216875214434,0.032,3.154,0.899,0.309
0.3188976471262506,-0.4916660188881501,0.811,254.314,0.899,0.309
-0.1640456602801166,-0.1570764434650992,0.007,4.267,0.899,0.309
0.1943898418745322,0.3100539213823504,0.116,59.674,0.899,0.309
-1.0146007988292387,-1.028796490526731,0.014,1.38,0.899,0.309
-1.0146007988292387,-1.0488770239222338,0.034,3.351,0.899,0.309
-0.3771273906637266,-0.335868433797226,0.041,10.872,0.899,0.309
-0.1640456602801166,-0.1587435421243882,0.005,3.048,0.899,0.309
0.354509669805739,0.8536911606944737,0.499,140.758,0.899,0.309
0.3214556009469158,0.4456977257221038,0.124,38.575,0.899,0.309
0.5082522512116318,0.1179265772112153,0.39,76.734,0.899,0.309
0.9149475575572784,0.7289941409368605,0.186,20.329,0.899,0.309
0.4222178176084785,0.4269194315704061,0.005,1.184,0.899,0.309
0.1733514542894331,0.2263364930874802,0.053,30.574,0.899,0.309
0.8239436461376479,0.7819819653017742,0.042,5.097,0.899,0.309
-1.0146007988292387,-1.009161433364547,0.005,0.493,0.899,0.309
-1.0917421470365325,-1.0432099958794725,0.049,4.488,0.899,0.309
-2.098959630502747,-2.1191341045803647,0.02,0.953,0.899,0.309
0.0787766633995975,0.1815918030583316,0.103,130.749,0.899,0.309
0.4449448941195903,0.4601249270205896,0.015,3.371,0.899,0.309
2.3381700632541533,2.104475149965169,0.234,10.008,0.899,0.309
0.4210124860684678,0.2415298286875887,0.179,42.517,0.899,0.309
1.4926252736532306,1.4121691967307115,0.08,5.36,0.899,0.309
0.2063672841494064,0.2735138584272799,0.067,32.466,0.899,0.309
0.3188976471262506,-2.1563636601166944,2.475,776.111,0.899,0.309
-2.098959630502747,-2.1418505986012093,0.043,2.049,0.899,0.309
-2.2240249469119115,-2.242553490549186,0.019,0.854,0.899,0.309
0.3905742218462538,0.2359233360687812,0.155,39.685,0.899,0.309
0.7465183365640666,0.4087330297617672,0.338,45.277,0.899,0.309
0.3188976471262506,0.3525558004564772,0.034,10.662,0.899,0.309
0.3469433902401672,-0.2832327621277356,0.63,181.586,0.899,0.309
-0.1208745561173406,-0.0599681985143167,0.061,50.466,0.899,0.309
0.1858682416642977,0.0939595117258585,0.092,49.497,0.899,0.309
-0.2693101223051643,0.1557801704411051,0.425,157.811,0.899,0.309
-0.2720273652567278,-0.1970757991097392,0.075,27.571,0.899,0.309
-0.8036201202383122,-0.7765841895782238,0.027,3.36,0.899,0.309
-2.2240249469119115,-2.241810482714441,0.018,0.809,0.899,0.309
1.1119780377366322,0.8923235199933357,0.22,19.785,0.899,0.309
-0.9262060032625612,-0.9393649490904518,0.013,1.404,0.899,0.309
2.013749216528496,1.8225877224631943,0.191,9.485,0.899,0.309
-0.1640456602801166,-0.1560198500029387,0.008,4.877,0.899,0.309
-0.2821883581751697,0.0327453133270534,0.315,111.628,0.899,0.309
0.485967674172455,0.5417842947680778,0.056,11.523,0.899,0.309
-0.091730967099494,-0.0811150494632587,0.011,11.992,0.899,0.309
2.3381700632541533,2.220035735910315,0.118,5.047,0.899,0.309
-1.0146007988292387,-0.8833908927030708,0.131,12.911,0.899,0.309
-0.7978663589593218,-0.8644867030903058,0.067,8.397,0.899,0.309
0.9202543614003154,0.9357532054459587,0.015,1.63,0.899,0.309
1.4462734994534894,1.4292326134081457,0.017,1.175,0.899,0.309
-0.3398690808213103,-0.3699119399815804,0.03,8.827,0.899,0.309
1.4273423897183268,1.0542413618880724,0.373,26.132,0.899,0.309
-0.2430377613581501,-0.269869536409302,0.027,11.109,0.899,0.309
0.3188976471262506,-0.0773747687076723,0.396,124.178,0.899,0.309
0.5483399232319732,0.2000162874646932,0.348,63.464,0.899,0.309
-2.098959630502747,-0.8525023013839328,1.246,59.363,0.899,0.309
1.0118202782526045,0.7990257341022442,0.213,21.051,0.899,0.309
1.1877406560255557,1.0415185129021494,0.146,12.292,0.899,0.309
-0.3479194515527617,-0.4248847201384681,0.077,22.132,0.899,0.309
-0.049291025068888,-0.1308571286534254,0.082,166.359,0.899,0.309
2.3381700632541533,2.2976543312746744,0.041,1.754,0.899,0.309
-0.4833263135106019,-0.4359244661634047,0.047,9.724,0.899,0.309
1.4209809092970769,1.1524489715202868,0.269,18.931,0.899,0.309
-0.5423659653540288,-0.5186027492661865,0.024,4.425,0.899,0.309
-0.1345604786645916,-0.1909242636325201,0.056,41.617,0.899,0.309
-0.0156275007320491,0.031495833699444,0.047,300.752,0.899,0.309
-0.2174698555653798,-0.5077631351209624,0.29,133.352,0.899,0.309
0.6453395684123723,1.103561722872194,0.458,70.97,0.899,0.309
1.3213763068389055,1.3146176423031548,0.007,0.53,0.899,0.309
1.144176669118135,1.0572885447292526,0.087,7.604,0.899,0.309
-0.0339071394502482,0.2782674773762272,0.312,920.16,0.899,0.309
1.295806774731019,0.7558494356419976,0.54,41.673,0.899,0.309
-1.386637944400625,-0.2632165742332586,1.123,80.987,0.899,0.309
-0.1570579475141599,-0.1536667667279836,0.003,1.91,0.899,0.309
-1.0146007988292387,-1.0136877137064346,0.001,0.099,0.899,0.309
-2.106792796763783,-2.1160831935369413,0.009,0.427,0.899,0.309
0.2220091982889967,0.6574746736386127,0.435,195.938,0.899,0.309
0.5166698394047176,0.5374968626834926,0.021,4.064,0.899,0.309
-0.1123810923693478,-0.1881754352449823,0.076,67.627,0.899,0.309
0.0408275723725496,0.265826712773105,0.225,551.098,0.899,0.309
-0.2549775122418476,-0.1875188162202161,0.067,26.277,0.899,0.309
-2.098959630502747,-2.1501850903077933,0.051,2.43,0.899,0.309
-0.5524928822043034,-0.4902080240499802,0.062,11.222,0.899,0.309
-0.4202317938976262,-0.3968468894470954,0.023,5.473,0.899,0.309
-1.2065391414815023,-1.476435125817731,0.27,22.378,0.899,0.309
-0.1640456602801166,0.0812274699081731,0.245,149.349,0.899,0.309
2.3381700632541533,1.9509013421412835,0.387,16.551,0.899,0.309
-1.0917421470365325,-1.0920069788453144,0.0,0.0,0.899,0.309
-0.6894335124962228,-0.7549235514636639,0.065,9.428,0.899,0.309
0.7465183365640666,0.8933535089148074,0.147,19.691,0.899,0.309
-0.1640456602801166,-0.1536202354740508,0.01,6.096,0.899,0.309
0.0408275723725496,-0.0681623060214335,0.109,266.976,0.899,0.309
-1.1987657814272166,-1.3214525541250952,0.123,10.261,0.899,0.309
-0.3496921493745593,-0.3390902830672662,0.011,3.146,0.899,0.309
0.3188976471262506,-1.5885492073517262,1.907,597.998,0.899,0.309
-0.5490652164838192,-0.3104635299149089,0.239,43.529,0.899,0.309
-0.1380006969778434,-0.0418578113157656,0.096,69.565,0.899,0.309
0.1943898418745322,0.3363511697941541,0.142,73.049,0.899,0.309
-0.3107636277167642,-0.1094878252499144,0.201,64.679,0.899,0.309
1.0963763286114123,1.0345980113850322,0.062,5.655,0.899,0.309
-0.2411975981886161,-0.3325881842355734,0.091,37.728,0.899,0.309
1.534685136767807,1.6026577091098568,0.068,4.431,0.899,0.309
0.6453395684123723,1.122401254218281,0.477,73.915,0.899,0.309
2.1966258764087074,1.5368558010269424,0.66,30.046,0.899,0.309
0.6865974078482608,0.5374200344799894,0.149,21.701,0.899,0.309
-0.998872083936778,-1.0179114939842384,0.019,1.902,0.899,0.309
-1.0146007988292387,-1.0392822538268534,0.025,2.464,0.899,0.309
0.0014335616004132,0.0989794946780324,0.098,6836.121,0.899,0.309
-0.2634233147838638,-0.2555917941207544,0.008,3.037,0.899,0.309
-0.504934629287396,-0.8497729058880716,0.345,68.326,0.899,0.309
0.8415649011879159,0.6436372718902444,0.198,23.528,0.899,0.309
0.9479880614195754,0.8601801314146014,0.088,9.283,0.899,0.309
-0.940501153413147,-0.5926936987624016,0.348,37.002,0.899,0.309
-0.1498235941513352,-0.1394272981248359,0.01,6.675,0.899,0.309
0.1874083487221426,0.3304153080863185,0.143,76.304,0.899,0.309
0.5649287868968149,0.5724715812117949,0.008,1.416,0.899,0.309
1.3066085774459146,1.3056742095475256,0.001,0.077,0.899,0.309
-0.078859754485655,-0.0908605697075878,0.012,15.217,0.899,0.309
1.6211865911040082,1.0499431066718286,0.571,35.221,0.899,0.309
0.4449448941195903,0.4549942533764003,0.01,2.247,0.899,0.309
-0.1640456602801166,-0.1564720572613343,0.008,4.877,0.899,0.309
0.3163079706605852,0.4329740410200767,0.117,36.989,0.899,0.309
-0.4514618681883035,-0.4676937667746428,0.016,3.544,0.899,0.309
-0.2634233147838638,-0.2495335427940405,0.014,5.315,0.899,0.309
-0.1640456602801166,-0.1545121406526457,0.01,6.096,0.899,0.309
1.873204581491267,1.7135280686000394,0.16,8.542,0.899,0.309
0.0334351113862194,0.004315256356005,0.029,86.735,0.899,0.309
1.0118202782526045,0.7602280971605702,0.252,24.906,0.899,0.309
-0.1640456602801166,-0.1538058291774121,0.01,6.096,0.899,0.309
-0.4940932667044405,-0.2883740395579905,0.206,41.693,0.899,0.309
0.2720297734672921,0.4363827785920003,0.164,60.288,0.899,0.309
-0.2559796997639063,0.4215803259436579,0.678,264.865,0.899,0.309
-1.0146007988292387,-0.7631122139510776,0.251,24.739,0.899,0.309
-1.0917421470365325,-1.1063444347081253,0.015,1.374,0.899,0.309
0.3214556009469158,0.4862731109494416,0.165,51.329,0.899,0.309
-0.0623639250738283,-0.0403028303839743,0.022,35.277,0.899,0.309
0.8861162622386528,0.8105445343786595,0.076,8.577,0.899,0.309
1.184038178682267,0.9501414927196722,0.234,19.763,0.899,0.309
-0.8846401343825672,-0.6304048697969894,0.254,28.712,0.899,0.309
-0.1449038496887806,0.5455979192654763,0.691,476.868,0.899,0.309
-1.0146007988292387,-1.0309699868080768,0.016,1.577,0.899,0.309
-0.0499095295439793,-0.0401259783001613,0.01,20.036,0.899,0.309
1.639371515022621,1.5556171599258513,0.084,5.124,0.899,0.309
0.9475916039963522,0.999177564022828,0.052,5.488,0.899,0.309
0.6753592431183705,0.497259239114373,0.178,26.356,0.899,0.309
1.4379656373885588,1.2214821838014671,0.216,15.021,0.899,0.309
-1.0146007988292387,-0.5782300700374514,0.436,42.973,0.899,0.309
-0.4739121400620893,0.3932367386941799,0.867,182.945,0.899,0.309
-0.0806849308662346,-0.0454498330325396,0.035,43.379,0.899,0.309
-0.1123810923693478,-0.1703359448297196,0.058,51.61,0.899,0.309
-1.0146007988292387,-1.0459209377903969,0.031,3.055,0.899,0.309
0.784752644633292,0.0223581137531449,0.762,97.101,0.899,0.309
-2.2240249469119115,-2.272726279553394,0.049,2.203,0.899,0.309
-2.098959630502747,-2.145494848146929,0.047,2.239,0.899,0.309
0.9062457041799508,0.6256168874018143,0.281,31.007,0.899,0.309
-0.1728243005482077,-0.148920429333195,0.024,13.887,0.899,0.309
0.977524966363798,0.6448191527170813,0.333,34.066,0.899,0.309
0.9485050292680998,0.5449154051895858,0.404,42.593,0.899,0.309
-0.9877330625405149,-1.0231762860925566,0.035,3.543,0.899,0.309
0.3188976471262506,0.8356586151659431,0.517,162.121,0.899,0.309
0.2705307648572712,0.3417703591987366,0.071,26.245,0.899,0.309
-0.3595771154284661,-0.3372161673298327,0.022,6.118,0.899,0.309
-0.1286780116580264,-0.0584038284062205,0.07,54.399,0.899,0.309
-1.0917421470365325,-1.1017796550686914,0.01,0.916,0.899,0.309
0.8544234889368965,0.7033766891183467,0.151,17.673,0.899,0.309
-0.3398690808213103,-0.3718380606382863,0.032,9.415,0.899,0.309
-1.0146007988292387,-0.9654682927776578,0.049,4.829,0.899,0.309
0.3782316017467928,0.5953680954955739,0.217,57.372,0.899,0.309
-1.0146007988292387,-0.9775544619724124,0.037,3.647,0.899,0.309
-0.7818723915214629,-0.23020644319553,0.552,70.6,0.899,0.309
0.5483399232319732,0.2864356974327439,0.262,47.781,0.899,0.309
0.1662754886516834,0.3282079977665172,0.162,97.429,0.899,0.309
-2.098959630502747,-2.1382801351051555,0.039,1.858,0.899,0.309
-2.2240249469119115,-2.238086562430585,0.014,0.629,0.899,0.309
0.720643864357593,0.5827327716361904,0.138,19.15,0.899,0.309
-0.6778515521657577,-0.5922907753667346,0.086,12.687,0.899,0.309
-0.4811817623602835,-0.5566721434923622,0.075,15.587,0.899,0.309
1.270571451150768,1.2754470273636644,0.005,0.394,0.899,0.309
1.1350934695531476,0.5854877038788842,0.55,48.454,0.899,0.309
0.3631034587098592,0.1729678053641747,0.19,52.327,0.899,0.309
-0.3496921493745593,-0.3553804206376526,0.006,1.716,0.899,0.309
-0.5268447469282076,-1.5371243744470549,1.01,191.707,0.899,0.309
0.3214556009469158,0.1332425302341962,0.188,58.484,0.899,0.309
0.1172934348364253,0.2507933499501515,0.133,113.391,0.899,0.309
0.3046636695277909,0.4138195410194456,0.109,35.777,0.899,0.309
0.7762187912437224,0.9620467089983592,0.186,23.962,0.899,0.309
-2.098959630502747,-2.1449938489090763,0.046,2.192,0.899,0.309
0.9876404592666096,0.8827839804075637,0.105,10.631,0.899,0.309
-0.0871731757549294,0.1867965478899894,0.274,314.317,0.899,0.309
1.3459073062165832,1.1884269167611394,0.157,11.665,0.899,0.309
-0.1640456602801166,-0.1634549351622182,0.001,0.61,0.899,0.309
1.1119780377366322,0.5141367983697714,0.598,53.778,0.899,0.309
0.9825908661014164,0.9681781848046772,0.014,1.425,0.899,0.309
-2.098959630502747,-2.1452140492650247,0.046,2.192,0.899,0.309
-1.0146007988292387,-1.0332095457954693,0.019,1.873,0.899,0.309
1.0118202782526045,1.135214372551839,0.123,12.156,0.899,0.309
0.2890022523727179,0.4598354436542741,0.171,59.169,0.899,0.309
-1.0146007988292387,-1.0402570914175848,0.026,2.563,0.899,0.309
0.655756199794355,1.0049305117975569,0.349,53.221,0.899,0.309
0.4149718974644154,0.3971853805486826,0.018,4.338,0.899,0.309
0.8780276448918914,0.8600609458516274,0.018,2.05,0.899,0.309
-0.5116940958003683,-0.3562446204960574,0.155,30.292,0.899,0.309
0.5259449829875293,1.1939481844837958,0.668,127.009,0.899,0.309
0.927648617872646,0.5051729477769386,0.422,45.491,0.899,0.309
-0.1777618821671799,0.1655023200070255,0.343,192.955,0.899,0.309
-0.2634233147838638,0.4470078423963434,0.71,269.528,0.899,0.309
1.6166803805493115,1.4218829684916154,0.195,12.062,0.899,0.309
0.3632911181301619,0.49965724924208,0.136,37.436,0.899,0.309
0.6621799465137586,0.6962157181757135,0.034,5.135,0.899,0.309
-0.2634233147838638,-0.2537510692125853,0.01,3.796,0.899,0.309
-2.098959630502747,-2.1278502025578017,0.029,1.382,0.899,0.309
