Actual,RandomForest_Predicted,Stacking_Predicted,RandomForest_Predicted_AbsError,RandomForest_Predicted_PctError,RandomForest_Predicted_R2,RandomForest_Predicted_RMSE,Stacking_Predicted_AbsError,Stacking_Predicted_PctError,Stacking_Predicted_R2,Stacking_Predicted_RMSE
531.0,406.6576,405.2864036805514,124.342,23.417,0.765,434.934,125.714,23.675,0.784,416.708
905.0,972.8901,974.4575208795802,67.89,7.502,0.765,434.934,69.458,7.675,0.784,416.708
840.0,841.1,833.876798421207,1.1,0.131,0.765,434.934,6.123,0.729,0.784,416.708
1025.0,977.2428,1008.965649676577,47.757,4.659,0.765,434.934,16.034,1.564,0.784,416.708
1005.0,468.0311,417.2348928766884,536.969,53.43,0.765,434.934,587.765,58.484,0.784,416.708
3248.7,2689.6085000000007,2615.8233879535974,559.091,17.21,0.765,434.934,632.877,19.481,0.784,416.708
2739.38,2342.135400000002,2348.7789282126187,397.245,14.501,0.765,434.934,390.601,14.259,0.784,416.708
4280.0,268.3810000000001,804.5524336084013,4011.619,93.729,0.765,434.934,3475.448,81.202,0.784,416.708
1110.0,1135.1934,1132.3592504776088,25.193,2.27,0.765,434.934,22.359,2.014,0.784,416.708
538.5,835.0731000000001,892.549605374737,296.573,55.074,0.765,434.934,354.05,65.747,0.784,416.708
884.5,891.1985999999997,893.066543706479,6.699,0.757,0.765,434.934,8.567,0.969,0.784,416.708
0.0,523.6711,506.9850416372534,523.671,inf,0.765,434.934,506.985,inf,0.784,416.708
4346.83,4735.354600000002,5514.818906965735,388.525,8.938,0.765,434.934,1167.989,26.87,0.784,416.708
1984.0,1877.2988,1951.258247243883,106.701,5.378,0.765,434.934,32.742,1.65,0.784,416.708
1781.46,1675.7248999999997,1617.007463920079,105.735,5.935,0.765,434.934,164.453,9.231,0.784,416.708
1270.0,1071.8850999999995,1129.4298552463235,198.115,15.6,0.765,434.934,140.57,11.069,0.784,416.708
1558.75,1478.2258,1554.278223296668,80.524,5.166,0.765,434.934,4.472,0.287,0.784,416.708
640.0,1157.043,1224.7607304067838,517.043,80.788,0.765,434.934,584.761,91.369,0.784,416.708
1257.6,1235.9475000000011,1165.9072947947056,21.652,1.722,0.765,434.934,91.693,7.291,0.784,416.708
1265.0,1412.1238,1543.52226993024,147.124,11.63,0.765,434.934,278.522,22.018,0.784,416.708
1114.6,852.8716,825.1759811890801,261.728,23.482,0.765,434.934,289.424,25.967,0.784,416.708
1260.0,1440.2665000000002,1474.9753711654785,180.267,14.307,0.765,434.934,214.975,17.062,0.784,416.708
620.0,609.8544,591.2652408251051,10.146,1.636,0.765,434.934,28.735,4.635,0.784,416.708
795.0,868.4071,875.3516879713095,73.407,9.234,0.765,434.934,80.352,10.107,0.784,416.708
973.12,944.3827,944.8395852211586,28.737,2.953,0.765,434.934,28.28,2.906,0.784,416.708
1570.0,1424.3260999999998,1500.250243425868,145.674,9.279,0.765,434.934,69.75,4.443,0.784,416.708
1701.22,1446.8976000000005,1356.057454002269,254.322,14.949,0.765,434.934,345.163,20.289,0.784,416.708
1879.25,2658.8721,2563.235732734105,779.622,41.486,0.765,434.934,683.986,36.397,0.784,416.708
520.0,406.03,405.3756433296876,113.97,21.917,0.765,434.934,114.624,22.043,0.784,416.708
1924.2,1554.6125999999997,1575.3758031411503,369.587,19.207,0.765,434.934,348.824,18.128,0.784,416.708
1088.64,1070.2458000000006,1081.79257856027,18.394,1.69,0.765,434.934,6.847,0.629,0.784,416.708
660.0,637.0999999999999,610.6488372989023,22.9,3.47,0.765,434.934,49.351,7.477,0.784,416.708
260.0,246.8,222.3760072318749,13.2,5.077,0.765,434.934,37.624,14.471,0.784,416.708
720.0,692.0269999999999,602.4538995222135,27.973,3.885,0.765,434.934,117.546,16.326,0.784,416.708
836.0,859.3809000000006,863.1119118056783,23.381,2.797,0.765,434.934,27.112,3.243,0.784,416.708
4280.0,266.89200000000005,830.0256212413027,4013.108,93.764,0.765,434.934,3449.974,80.607,0.784,416.708
496.66,563.5790000000004,602.8309834201509,66.919,13.474,0.765,434.934,106.171,21.377,0.784,416.708
1335.0,1342.2558,1414.2190999708996,7.256,0.544,0.765,434.934,79.219,5.934,0.784,416.708
495.0,562.9033999999999,503.6482555487436,67.903,13.718,0.765,434.934,8.648,1.747,0.784,416.708
1252.0,1099.9855999999993,1213.465343927774,152.014,12.142,0.765,434.934,38.535,3.078,0.784,416.708
1605.55,1441.9374999999998,1585.8950029440962,163.613,10.19,0.765,434.934,19.655,1.224,0.784,416.708
895.0,898.438,903.6742424518123,3.438,0.384,0.765,434.934,8.674,0.969,0.784,416.708
880.0,884.6042,888.5252126693554,4.604,0.523,0.765,434.934,8.525,0.969,0.784,416.708
1009.0,1000.6319,1018.3569762950016,8.368,0.829,0.765,434.934,9.357,0.927,0.784,416.708
495.0,556.0938,514.8223037170773,61.094,12.342,0.765,434.934,19.822,4.004,0.784,416.708
950.0,933.8648,955.2520845261912,16.135,1.698,0.765,434.934,5.252,0.553,0.784,416.708
240.0,237.6,209.409834478906,2.4,1.0,0.765,434.934,30.59,12.746,0.784,416.708
495.0,491.8328,472.53789128042456,3.167,0.64,0.765,434.934,22.462,4.538,0.784,416.708
840.0,844.7123000000001,831.4533187547518,4.712,0.561,0.765,434.934,8.547,1.018,0.784,416.708
950.0,923.5654000000004,905.531096175548,26.435,2.783,0.765,434.934,44.469,4.681,0.784,416.708
1652.37,1209.9484000000002,1390.3066891647138,442.422,26.775,0.765,434.934,262.063,15.86,0.784,416.708
2495.0,2091.3575,2133.180789455921,403.642,16.178,0.765,434.934,361.819,14.502,0.784,416.708
906.0,1252.0394,1148.6409215488122,346.039,38.194,0.765,434.934,242.641,26.782,0.784,416.708
935.3,846.6256000000008,895.9644833413192,88.674,9.481,0.765,434.934,39.336,4.206,0.784,416.708
1114.6,1108.468,1131.6892031347566,6.132,0.55,0.765,434.934,17.089,1.533,0.784,416.708
620.94,646.4827000000007,607.4835723051383,25.543,4.114,0.765,434.934,13.456,2.167,0.784,416.708
1540.0,1362.3966999999998,1477.8194374345658,177.603,11.533,0.765,434.934,62.181,4.038,0.784,416.708
1860.0,1775.4497000000006,1928.4849439207303,84.55,4.546,0.765,434.934,68.485,3.682,0.784,416.708
4034.0,2458.6398,2686.487512427347,1575.36,39.052,0.765,434.934,1347.512,33.404,0.784,416.708
520.0,497.35,475.6374956769513,22.65,4.356,0.765,434.934,44.363,8.531,0.784,416.708
870.0,912.2905000000004,892.2785715944133,42.291,4.861,0.765,434.934,22.279,2.561,0.784,416.708
1730.29,1636.9181999999994,1617.8986610051163,93.372,5.396,0.765,434.934,112.391,6.496,0.784,416.708
1170.0,948.8804,877.2248468975647,221.12,18.899,0.765,434.934,292.775,25.024,0.784,416.708
990.0,999.3568,1019.2225104172908,9.357,0.945,0.765,434.934,29.223,2.952,0.784,416.708
270.0,273.9178000000001,258.57378047639145,3.918,1.451,0.765,434.934,11.426,4.232,0.784,416.708
844.0,882.2369000000002,899.6098845853005,38.237,4.53,0.765,434.934,55.61,6.589,0.784,416.708
525.25,523.9706000000001,501.9599693296625,1.279,0.244,0.765,434.934,23.29,4.434,0.784,416.708
1378.0,1255.3518999999997,1300.02248166385,122.648,8.9,0.765,434.934,77.978,5.659,0.784,416.708
780.0,476.1240000000001,437.29306854174126,303.876,38.958,0.765,434.934,342.707,43.937,0.784,416.708
2290.0,2440.5674000000013,2613.177411446722,150.567,6.575,0.765,434.934,323.177,14.113,0.784,416.708
977.02,966.7790000000005,953.3099339180948,10.241,1.048,0.765,434.934,23.71,2.427,0.784,416.708
240.0,240.2,187.56805993559527,0.2,0.083,0.765,434.934,52.432,21.847,0.784,416.708
240.0,385.1874,331.7677367600262,145.187,60.495,0.765,434.934,91.768,38.237,0.784,416.708
520.0,532.7176000000001,494.2219266145973,12.718,2.446,0.765,434.934,25.778,4.957,0.784,416.708
895.0,913.4256,901.486939332307,18.426,2.059,0.765,434.934,6.487,0.725,0.784,416.708
5118.09,4186.580900000006,4681.472035355086,931.509,18.2,0.765,434.934,436.618,8.531,0.784,416.708
1010.0,1044.1095000000005,1093.1404888965544,34.11,3.377,0.765,434.934,83.14,8.232,0.784,416.708
1340.29,1200.3480000000006,1265.143583800844,139.942,10.441,0.765,434.934,75.146,5.607,0.784,416.708
260.0,250.1,247.60137288394708,9.9,3.808,0.765,434.934,12.399,4.769,0.784,416.708
2494.0,2037.7898000000007,2003.0878763504056,456.21,18.292,0.765,434.934,490.912,19.684,0.784,416.708
1015.2,973.222199999999,992.7640493984234,41.978,4.135,0.765,434.934,22.436,2.21,0.784,416.708
495.0,1200.7282,1211.4809992630126,705.728,142.571,0.765,434.934,716.481,144.744,0.784,416.708
990.0,700.59,741.9357090644644,289.41,29.233,0.765,434.934,248.064,25.057,0.784,416.708
984.0,929.5117,925.4082424247442,54.488,5.537,0.765,434.934,58.592,5.954,0.784,416.708
1707.0,1540.8827,1498.2861152739142,166.117,9.732,0.765,434.934,208.714,12.227,0.784,416.708
495.0,520.4606,459.6025686402754,25.461,5.144,0.765,434.934,35.397,7.151,0.784,416.708
260.0,290.9164,267.9662110043515,30.916,11.891,0.765,434.934,7.966,3.064,0.784,416.708
1866.0,1700.1762000000008,1791.4253458348678,165.824,8.887,0.765,434.934,74.575,3.997,0.784,416.708
1045.0,1102.5858,1097.0753179401545,57.586,5.511,0.765,434.934,52.075,4.983,0.784,416.708
520.0,531.85,490.8734844375905,11.85,2.279,0.765,434.934,29.127,5.601,0.784,416.708
520.0,508.65,477.1390919269601,11.35,2.183,0.765,434.934,42.861,8.242,0.784,416.708
4294.64,4343.4155000000055,4367.806854007929,48.776,1.136,0.765,434.934,73.167,1.704,0.784,416.708
865.0,868.6623000000001,849.1401076385619,3.662,0.423,0.765,434.934,15.86,1.834,0.784,416.708
800.4,910.6275999999996,891.2022763472607,110.228,13.772,0.765,434.934,90.802,11.345,0.784,416.708
892.0,886.2919000000002,905.554614658906,5.708,0.64,0.765,434.934,13.555,1.52,0.784,416.708
834.35,826.6110000000004,842.6591533609346,7.739,0.928,0.765,434.934,8.309,0.996,0.784,416.708
1170.0,1120.6440999999995,1124.5447012358557,49.356,4.218,0.765,434.934,45.455,3.885,0.784,416.708
895.0,869.0701999999999,850.9234304634036,25.93,2.897,0.765,434.934,44.077,4.925,0.784,416.708
520.0,519.25,484.36525897913714,0.75,0.144,0.765,434.934,35.635,6.853,0.784,416.708
3726.57,3572.442000000004,3557.7386556535607,154.128,4.136,0.765,434.934,168.831,4.53,0.784,416.708
240.0,237.6,224.40585587622024,2.4,1.0,0.765,434.934,15.594,6.497,0.784,416.708
682.0699999999999,712.9196000000001,704.7908736533428,30.85,4.523,0.765,434.934,22.721,3.331,0.784,416.708
895.0,975.1148,955.8010882060116,80.115,8.951,0.765,434.934,60.801,6.793,0.784,416.708
2840.0,2800.8418000000006,2929.038126957906,39.158,1.379,0.765,434.934,89.038,3.135,0.784,416.708
0.0,1672.0571000000004,1618.423402442499,1672.057,inf,0.765,434.934,1618.423,inf,0.784,416.708
903.55,1109.968300000001,1236.825367900415,206.418,22.845,0.765,434.934,333.275,36.885,0.784,416.708
995.0,973.5145999999996,1000.219126978668,21.485,2.159,0.765,434.934,5.219,0.525,0.784,416.708
2235.0,2229.058,2463.098942443875,5.942,0.266,0.765,434.934,228.099,10.206,0.784,416.708
1195.0,1368.381,1511.9791331776094,173.381,14.509,0.765,434.934,316.979,26.525,0.784,416.708
1808.0,1645.4250999999997,1594.46902790818,162.575,8.992,0.765,434.934,213.531,11.81,0.784,416.708
840.0,834.9733999999999,816.3353117278375,5.027,0.598,0.765,434.934,23.665,2.817,0.784,416.708
840.0,1240.8641000000002,1214.6756678430845,400.864,47.722,0.765,434.934,374.676,44.604,0.784,416.708
260.0,247.01,224.73594003067532,12.99,4.996,0.765,434.934,35.264,13.563,0.784,416.708
1570.0,1524.2872,1600.9168155892824,45.713,2.912,0.765,434.934,30.917,1.969,0.784,416.708
2279.0,2132.8609999999985,2225.10254240485,146.139,6.412,0.765,434.934,53.897,2.365,0.784,416.708
840.0,867.2537,886.2389826701224,27.254,3.245,0.765,434.934,46.239,5.505,0.784,416.708
260.0,260.1,251.98962048518104,0.1,0.038,0.765,434.934,8.01,3.081,0.784,416.708
1054.28,965.3541999999994,1082.272976957742,88.926,8.435,0.765,434.934,27.993,2.655,0.784,416.708
807.0,863.7220000000001,851.4791127492581,56.722,7.029,0.765,434.934,44.479,5.512,0.784,416.708
1006.74,980.8753000000004,981.978580661728,25.865,2.569,0.765,434.934,24.761,2.46,0.784,416.708
320.0,381.7736000000001,770.3560764713312,61.774,19.304,0.765,434.934,450.356,140.736,0.784,416.708
575.0,607.4515000000001,573.7458497643966,32.452,5.644,0.765,434.934,1.254,0.218,0.784,416.708
753.5,717.4284999999999,706.4937519814088,36.072,4.787,0.765,434.934,47.006,6.238,0.784,416.708
260.0,255.05,272.29471185012846,4.95,1.904,0.765,434.934,12.295,4.729,0.784,416.708
690.0,1009.7147,1230.2108857301591,319.715,46.336,0.765,434.934,540.211,78.291,0.784,416.708
1133.63,1119.3745,1131.4114871659276,14.256,1.258,0.765,434.934,2.219,0.196,0.784,416.708
999.03,801.1027999999999,760.8363875863372,197.927,19.812,0.765,434.934,238.194,23.843,0.784,416.708
421.99,479.1243999999999,464.404832966948,57.134,13.539,0.765,434.934,42.415,10.051,0.784,416.708
923.05,904.6088000000004,945.7868983017264,18.441,1.998,0.765,434.934,22.737,2.463,0.784,416.708
4755.0,4678.3,4740.793156901312,76.7,1.613,0.765,434.934,14.207,0.299,0.784,416.708
1182.13,1119.198800000001,1094.1225046440647,62.931,5.324,0.765,434.934,88.007,7.445,0.784,416.708
1165.0,1064.9049,1100.606797932119,100.095,8.592,0.765,434.934,64.393,5.527,0.784,416.708
0.0,1340.1097999999995,1414.2850415467049,1340.11,inf,0.765,434.934,1414.285,inf,0.784,416.708
520.0,523.3025,489.8460163572765,3.303,0.635,0.765,434.934,30.154,5.799,0.784,416.708
1320.0,1235.3787000000004,1230.3987846603677,84.621,6.411,0.765,434.934,89.601,6.788,0.784,416.708
650.0,703.55,761.6428891352318,53.55,8.238,0.765,434.934,111.643,17.176,0.784,416.708
1324.24,1219.2976999999994,1260.5317856524268,104.942,7.925,0.765,434.934,63.708,4.811,0.784,416.708
4415.0,4377.3829000000005,4165.330579546313,37.617,0.852,0.765,434.934,249.669,5.655,0.784,416.708
260.0,260.0,234.33664111180136,0.0,0.0,0.765,434.934,25.663,9.87,0.784,416.708
495.0,554.2105,532.9781472050554,59.211,11.962,0.765,434.934,37.978,7.672,0.784,416.708
895.0,890.3641,868.0657095650023,4.636,0.518,0.765,434.934,26.934,3.009,0.784,416.708
520.0,480.258,466.42098162397167,39.742,7.643,0.765,434.934,53.579,10.304,0.784,416.708
1002.97,1059.0228,988.606782200092,56.053,5.589,0.765,434.934,14.363,1.432,0.784,416.708
753.5,745.8458,733.77229336927,7.654,1.016,0.765,434.934,19.728,2.618,0.784,416.708
912.0,907.9651,907.6086847951724,4.035,0.442,0.765,434.934,4.391,0.481,0.784,416.708
2120.0,1993.6509,1987.6296398796776,126.349,5.96,0.765,434.934,132.37,6.244,0.784,416.708
1125.0,1103.7845000000002,1084.4091636543787,21.215,1.886,0.765,434.934,40.591,3.608,0.784,416.708
4280.0,268.81600000000003,830.8188406623067,4011.184,93.719,0.765,434.934,3449.181,80.588,0.784,416.708
1020.0,1154.7806,1156.9870538800146,134.781,13.214,0.765,434.934,136.987,13.43,0.784,416.708
1855.03,1710.8837999999998,1713.862053144296,144.146,7.771,0.765,434.934,141.168,7.61,0.784,416.708
808.0,847.3303999999999,874.0764594993577,39.33,4.868,0.765,434.934,66.076,8.178,0.784,416.708
495.0,509.769,481.1460885749767,14.769,2.984,0.765,434.934,13.854,2.799,0.784,416.708
1595.0,1695.0558000000008,1736.9194811363154,100.056,6.273,0.765,434.934,141.919,8.898,0.784,416.708
1000.0,943.2812,966.7074614437744,56.719,5.672,0.765,434.934,33.293,3.329,0.784,416.708
840.0,896.0907,887.0062902604741,56.091,6.678,0.765,434.934,47.006,5.596,0.784,416.708
808.2,899.7441000000003,906.0895579646974,91.544,11.327,0.765,434.934,97.89,12.112,0.784,416.708
914.0,997.4856,941.0256674014483,83.486,9.134,0.765,434.934,27.026,2.957,0.784,416.708
575.0,605.3485,587.9589796360881,30.348,5.278,0.765,434.934,12.959,2.254,0.784,416.708
520.0,522.5,494.35450193246,2.5,0.481,0.765,434.934,25.645,4.932,0.784,416.708
950.0,993.3351,1064.1929379401568,43.335,4.562,0.765,434.934,114.193,12.02,0.784,416.708
1400.9,1408.2996999999982,1426.643697023747,7.4,0.528,0.765,434.934,25.744,1.838,0.784,416.708
0.0,750.0628000000003,680.3916819949981,750.063,inf,0.765,434.934,680.392,inf,0.784,416.708
690.0,740.3947999999998,743.194884460319,50.395,7.304,0.765,434.934,53.195,7.709,0.784,416.708
1018.0,883.3627000000001,984.8930227699518,134.637,13.226,0.765,434.934,33.107,3.252,0.784,416.708
740.0,692.7312999999999,650.9721498963411,47.269,6.388,0.765,434.934,89.028,12.031,0.784,416.708
895.0,902.3749,894.7999081287912,7.375,0.824,0.765,434.934,0.2,0.022,0.784,416.708
895.0,794.3864,778.8472587667162,100.614,11.242,0.765,434.934,116.153,12.978,0.784,416.708
0.0,238.0,215.994869069397,238.0,inf,0.765,434.934,215.995,inf,0.784,416.708
2086.85,2135.6866000000014,2188.4302383232243,48.837,2.34,0.765,434.934,101.58,4.868,0.784,416.708
925.0,891.3000999999999,945.058170812385,33.7,3.643,0.765,434.934,20.058,2.168,0.784,416.708
2733.0,3712.0068,3643.793838875067,979.007,35.822,0.765,434.934,910.794,33.326,0.784,416.708
1868.49,1753.2754999999995,1756.5085022656613,115.215,6.166,0.765,434.934,111.981,5.993,0.784,416.708
982.0,937.5676,910.4986737238004,44.432,4.525,0.765,434.934,71.501,7.281,0.784,416.708
836.0,861.7710000000002,864.9320685831381,25.771,3.083,0.765,434.934,28.932,3.461,0.784,416.708
455.0,455.577,426.9319771101044,0.577,0.127,0.765,434.934,28.068,6.169,0.784,416.708
1829.2,1746.7857000000006,1852.8927587242767,82.414,4.505,0.765,434.934,23.693,1.295,0.784,416.708
807.0,857.8366000000002,855.6123343047389,50.837,6.3,0.765,434.934,48.612,6.024,0.784,416.708
2170.0,2162.708699999999,2400.9433078715224,7.291,0.336,0.765,434.934,230.943,10.643,0.784,416.708
1491.0,1186.8370000000002,1206.424943265454,304.163,20.4,0.765,434.934,284.575,19.086,0.784,416.708
621.0,622.4812000000001,583.1440097753882,1.481,0.238,0.765,434.934,37.856,6.096,0.784,416.708
1796.0,1045.9327,1038.294213135228,750.067,41.763,0.765,434.934,757.706,42.189,0.784,416.708
1330.0,1338.9847,1397.2038703963692,8.985,0.676,0.765,434.934,67.204,5.053,0.784,416.708
260.0,257.5,216.9588228748667,2.5,0.962,0.765,434.934,43.041,16.554,0.784,416.708
1311.0,1244.477,1290.9203555036197,66.523,5.074,0.765,434.934,20.08,1.532,0.784,416.708
1597.0,2018.8783000000003,2018.3024632860715,421.878,26.417,0.765,434.934,421.302,26.381,0.784,416.708
995.0,1342.572,1403.586651139908,347.572,34.932,0.765,434.934,408.587,41.064,0.784,416.708
682.0699999999999,706.6545,694.5625238152812,24.585,3.604,0.765,434.934,12.493,1.832,0.784,416.708
279.99,465.8650999999999,429.6416522033785,185.875,66.386,0.765,434.934,149.652,53.449,0.784,416.708
2990.0,2109.8458,2231.229445488483,880.154,29.437,0.765,434.934,758.771,25.377,0.784,416.708
960.0,7645.418400000011,7712.667949590885,6685.418,696.398,0.765,434.934,6752.668,703.403,0.784,416.708
895.0,900.5311999999999,881.8879248637186,5.531,0.618,0.765,434.934,13.112,1.465,0.784,416.708
1295.0,1568.9884999999997,1573.217116716802,273.988,21.157,0.765,434.934,278.217,21.484,0.784,416.708
1101.0,1076.84,1107.6832841143405,24.16,2.194,0.765,434.934,6.683,0.607,0.784,416.708
240.0,240.2,208.86518578331675,0.2,0.083,0.765,434.934,31.135,12.973,0.784,416.708
677.0,680.7896999999998,637.0724848397281,3.79,0.56,0.765,434.934,39.928,5.898,0.784,416.708
731.0,747.2529999999999,753.8502059952955,16.253,2.223,0.765,434.934,22.85,3.126,0.784,416.708
1390.0,1394.7434,1431.4988595269754,4.743,0.341,0.765,434.934,41.499,2.986,0.784,416.708
4346.83,4751.684500000002,5525.498653873898,404.855,9.314,0.765,434.934,1178.669,27.116,0.784,416.708
240.0,240.0,217.57363620923653,0.0,0.0,0.765,434.934,22.426,9.344,0.784,416.708
1348.25,1320.7346999999995,1321.140058427379,27.515,2.041,0.765,434.934,27.11,2.011,0.784,416.708
520.0,641.5409999999999,614.7132844125907,121.541,23.373,0.765,434.934,94.713,18.214,0.784,416.708
1320.0,1006.4249,1129.8083877213985,313.575,23.756,0.765,434.934,190.192,14.408,0.784,416.708
0.0,910.8146,865.3274109318774,910.815,inf,0.765,434.934,865.327,inf,0.784,416.708
916.0,876.6768000000002,857.8736414697696,39.323,4.293,0.765,434.934,58.126,6.346,0.784,416.708
1301.0,1248.8515,1274.6660604065146,52.149,4.008,0.765,434.934,26.334,2.024,0.784,416.708
840.0,822.1698000000001,816.1057447605278,17.83,2.123,0.765,434.934,23.894,2.845,0.784,416.708
975.0,977.2366999999998,916.363018931336,2.237,0.229,0.765,434.934,58.637,6.014,0.784,416.708
728.0,725.704,680.9469841781164,2.296,0.315,0.765,434.934,47.053,6.463,0.784,416.708
1287.8,1220.1746000000005,1271.2863541719792,67.625,5.251,0.765,434.934,16.514,1.282,0.784,416.708
2008.0,1512.979,1613.478421119327,495.021,24.652,0.765,434.934,394.522,19.648,0.784,416.708
520.0,517.852,480.6016756694146,2.148,0.413,0.765,434.934,39.398,7.577,0.784,416.708
1110.0,1418.2119000000002,1502.8730705706546,308.212,27.767,0.765,434.934,392.873,35.394,0.784,416.708
520.0,518.75,487.4696026962208,1.25,0.24,0.765,434.934,32.53,6.256,0.784,416.708
811.0,894.6984000000001,807.8476881451319,83.698,10.32,0.765,434.934,3.152,0.389,0.784,416.708
1829.2,1812.4818000000007,1911.4553119141688,16.718,0.914,0.765,434.934,82.255,4.497,0.784,416.708
836.85,861.6953000000005,952.7319211295372,24.845,2.969,0.765,434.934,115.882,13.847,0.784,416.708
895.0,935.5829,921.5665131679232,40.583,4.534,0.765,434.934,26.567,2.968,0.784,416.708
992.2,482.0537999999999,448.3914533541787,510.146,51.416,0.765,434.934,543.809,54.808,0.784,416.708
1622.24,1563.5714,1532.5893410562203,58.669,3.617,0.765,434.934,89.651,5.526,0.784,416.708
895.0,919.191,898.2502408071452,24.191,2.703,0.765,434.934,3.25,0.363,0.784,416.708
800.05,798.9331000000004,748.6248094304553,1.117,0.14,0.765,434.934,51.425,6.428,0.784,416.708
1472.0,1397.9490000000003,1501.4566929670436,74.051,5.031,0.765,434.934,29.457,2.001,0.784,416.708
1239.0,1274.0241,1330.4485253391183,35.024,2.827,0.765,434.934,91.449,7.381,0.784,416.708
2640.2,2509.668600000004,2678.911260408584,130.531,4.944,0.765,434.934,38.711,1.466,0.784,416.708
1701.22,1592.1090000000002,1469.2702869028558,109.111,6.414,0.765,434.934,231.95,13.634,0.784,416.708
1540.0,1442.4379,1531.1714101317957,97.562,6.335,0.765,434.934,8.829,0.573,0.784,416.708
570.0,650.1166999999999,649.6608650605505,80.117,14.056,0.765,434.934,79.661,13.976,0.784,416.708
628.0,495.0589,474.8560216110176,132.941,21.169,0.765,434.934,153.144,24.386,0.784,416.708
1781.46,1680.5448999999996,1625.7645691444884,100.915,5.665,0.765,434.934,155.695,8.74,0.784,416.708
1165.0,998.0040999999998,1025.1634227637187,166.996,14.334,0.765,434.934,139.837,12.003,0.784,416.708
1570.0,1510.461,1565.4823631082036,59.539,3.792,0.765,434.934,4.518,0.288,0.784,416.708
1216.0,1324.4574000000002,1340.0954035870045,108.457,8.919,0.765,434.934,124.095,10.205,0.784,416.708
1370.0,1347.4588,1356.856803375086,22.541,1.645,0.765,434.934,13.143,0.959,0.784,416.708
1044.5,1017.5483,1063.7280911330934,26.952,2.58,0.765,434.934,19.228,1.841,0.784,416.708
895.0,1300.2125000000003,1288.352568389757,405.213,45.275,0.765,434.934,393.353,43.95,0.784,416.708
5165.7,5065.632000000006,5323.13468298331,100.068,1.937,0.765,434.934,157.435,3.048,0.784,416.708
240.0,252.0,227.0571743163527,12.0,5.0,0.765,434.934,12.943,5.393,0.784,416.708
2168.0,2034.1436,2014.7432611300144,133.856,6.174,0.765,434.934,153.257,7.069,0.784,416.708
1253.0,1271.7960999999998,1521.9761340180603,18.796,1.5,0.765,434.934,268.976,21.467,0.784,416.708
1500.0,1750.2366,1892.974706831124,250.237,16.682,0.765,434.934,392.975,26.198,0.784,416.708
1390.0,1394.6059999999998,1485.079069372372,4.606,0.331,0.765,434.934,95.079,6.84,0.784,416.708
412.5,449.6346,435.4764427175796,37.135,9.002,0.765,434.934,22.976,5.57,0.784,416.708
520.0,549.2211,492.5786154307127,29.221,5.619,0.765,434.934,27.421,5.273,0.784,416.708
895.0,911.5905,894.4497954132539,16.591,1.854,0.765,434.934,0.55,0.061,0.784,416.708
975.0,1191.5748999999998,1256.318282160595,216.575,22.213,0.765,434.934,281.318,28.853,0.784,416.708
1175.0,1005.3604999999998,1059.5701982017545,169.64,14.437,0.765,434.934,115.43,9.824,0.784,416.708
0.0,1607.7817000000002,1548.4341244965058,1607.782,inf,0.765,434.934,1548.434,inf,0.784,416.708
1795.95,1571.6424000000002,1607.843709624392,224.308,12.49,0.765,434.934,188.106,10.474,0.784,416.708
1000.0,1048.1445999999996,1055.9555957661792,48.145,4.814,0.765,434.934,55.956,5.596,0.784,416.708
1024.0,1415.7884,1578.6818048966695,391.788,38.261,0.765,434.934,554.682,54.168,0.784,416.708
919.5,976.8412,1007.044944639132,57.341,6.236,0.765,434.934,87.545,9.521,0.784,416.708
910.0,991.4108,1052.1728406688455,81.411,8.946,0.765,434.934,142.173,15.623,0.784,416.708
840.0,839.8895,851.515152278956,0.111,0.013,0.765,434.934,11.515,1.371,0.784,416.708
1314.1,1174.4974000000004,1219.57991268498,139.603,10.623,0.765,434.934,94.52,7.193,0.784,416.708
2020.0,516.8,460.2625364129588,1503.2,74.416,0.765,434.934,1559.737,77.215,0.784,416.708
240.0,241.45,197.16161544171928,1.45,0.604,0.765,434.934,42.838,17.849,0.784,416.708
1850.23,1663.4850000000008,1854.7871529005256,186.745,10.093,0.765,434.934,4.557,0.246,0.784,416.708
0.0,1721.7452000000003,1853.7640903003148,1721.745,inf,0.765,434.934,1853.764,inf,0.784,416.708
355.0,498.5404999999999,560.7756461488268,143.54,40.434,0.765,434.934,205.776,57.965,0.784,416.708
260.0,318.2170000000001,320.6295366143895,58.217,22.391,0.765,434.934,60.63,23.319,0.784,416.708
495.0,476.1833,422.0781765612181,18.817,3.801,0.765,434.934,72.922,14.732,0.784,416.708
870.0,878.8705000000002,957.0769154536844,8.871,1.02,0.765,434.934,87.077,10.009,0.784,416.708
520.0,504.9243,494.55536493144336,15.076,2.899,0.765,434.934,25.445,4.893,0.784,416.708
495.0,653.9204000000002,625.8741024230837,158.92,32.105,0.765,434.934,130.874,26.439,0.784,416.708
240.0,255.87,240.80223084345653,15.87,6.613,0.765,434.934,0.802,0.334,0.784,416.708
265.0,235.6120000000001,225.98734873852567,29.388,11.09,0.765,434.934,39.013,14.722,0.784,416.708
565.0,563.3519999999999,524.783449679352,1.648,0.292,0.765,434.934,40.217,7.118,0.784,416.708
927.56,915.2100999999996,910.9851779381954,12.35,1.331,0.765,434.934,16.575,1.787,0.784,416.708
727.8,916.5831999999996,883.1703894260124,188.783,25.939,0.765,434.934,155.37,21.348,0.784,416.708
1895.0,1604.328,1754.3805325184803,290.672,15.339,0.765,434.934,140.619,7.421,0.784,416.708
3320.0,2830.6037,2762.541909786242,489.396,14.741,0.765,434.934,557.458,16.791,0.784,416.708
1605.55,1460.6271999999992,1589.7357313686273,144.923,9.026,0.765,434.934,15.814,0.985,0.784,416.708
0.0,698.6013,660.4502587825891,698.601,inf,0.765,434.934,660.45,inf,0.784,416.708
1167.0,1182.1612,1291.820560711533,15.161,1.299,0.765,434.934,124.821,10.696,0.784,416.708
740.0,697.2093,714.8775703788936,42.791,5.783,0.765,434.934,25.122,3.395,0.784,416.708
1911.99,1806.8222000000003,1838.8189703308367,105.168,5.5,0.765,434.934,73.171,3.827,0.784,416.708
2988.6,2853.164800000001,2874.858231268616,135.435,4.532,0.765,434.934,113.742,3.806,0.784,416.708
3417.06,3022.7943999999984,3020.0286911033404,394.266,11.538,0.765,434.934,397.031,11.619,0.784,416.708
800.0,631.1478,646.2518870519938,168.852,21.106,0.765,434.934,153.748,19.218,0.784,416.708
808.2,908.2278000000002,932.577442063475,100.028,12.377,0.765,434.934,124.377,15.389,0.784,416.708
3417.06,3040.541999999999,3076.09282157384,376.518,11.019,0.765,434.934,340.967,9.978,0.784,416.708
1429.32,1278.397400000002,1257.3146744574265,150.923,10.559,0.765,434.934,172.005,12.034,0.784,416.708
1020.0,1013.9894,1006.6680607837544,6.011,0.589,0.765,434.934,13.332,1.307,0.784,416.708
2195.0,2014.9792,2068.255833923421,180.021,8.201,0.765,434.934,126.744,5.774,0.784,416.708
800.0,792.4232,783.461766724128,7.577,0.947,0.765,434.934,16.538,2.067,0.784,416.708
840.0,879.1478999999998,894.3207926925559,39.148,4.66,0.765,434.934,54.321,6.467,0.784,416.708
291.02,356.1491999999998,322.43705177225706,65.129,22.38,0.765,434.934,31.417,10.795,0.784,416.708
1360.0,1333.4465999999998,1335.9654512254262,26.553,1.952,0.765,434.934,24.035,1.767,0.784,416.708
520.0,520.85,506.02303999876017,0.85,0.163,0.765,434.934,13.977,2.688,0.784,416.708
240.0,259.0828,251.81303196262127,19.083,7.951,0.765,434.934,11.813,4.922,0.784,416.708
640.0,1156.5513,1207.6513855405135,516.551,80.711,0.765,434.934,567.651,88.695,0.784,416.708
290.0,290.91720000000004,266.9291730019014,0.917,0.316,0.765,434.934,23.071,7.956,0.784,416.708
727.0,799.543,816.4366737539177,72.543,9.978,0.765,434.934,89.437,12.302,0.784,416.708
1006.74,983.3199,985.9217957652704,23.42,2.326,0.765,434.934,20.818,2.068,0.784,416.708
2140.0,2014.2158,1962.9361609756704,125.784,5.878,0.765,434.934,177.064,8.274,0.784,416.708
1381.8,1370.2243000000003,1371.1166114047237,11.576,0.838,0.765,434.934,10.683,0.773,0.784,416.708
1307.14,1183.5895999999998,1221.022880056698,123.55,9.452,0.765,434.934,86.117,6.588,0.784,416.708
720.0,716.2254,699.891269773236,3.775,0.524,0.765,434.934,20.109,2.793,0.784,416.708
639.99,549.6581000000001,557.0193118502041,90.332,14.115,0.765,434.934,82.971,12.964,0.784,416.708
410.0,969.6795,945.2983619981932,559.68,136.507,0.765,434.934,535.298,130.56,0.784,416.708
950.0,972.9627,1039.2019693991,22.963,2.417,0.765,434.934,89.202,9.39,0.784,416.708
495.0,501.4281,461.6917644132597,6.428,1.299,0.765,434.934,33.308,6.729,0.784,416.708
1468.0,1402.2877,1445.608784036954,65.712,4.476,0.765,434.934,22.391,1.525,0.784,416.708
495.0,507.7878,463.7819242497591,12.788,2.583,0.765,434.934,31.218,6.307,0.784,416.708
978.4,980.971099999999,992.4179644544912,2.571,0.263,0.765,434.934,14.018,1.433,0.784,416.708
838.6,767.8879000000001,777.6735819105425,70.712,8.432,0.765,434.934,60.926,7.265,0.784,416.708
2502.6,2446.0191000000023,2597.838676707405,56.581,2.261,0.765,434.934,95.239,3.806,0.784,416.708
890.0,999.4688,985.3571828630554,109.469,12.3,0.765,434.934,95.357,10.714,0.784,416.708
1195.0,1347.2703,1437.501903383231,152.27,12.742,0.765,434.934,242.502,20.293,0.784,416.708
2988.6,2916.3461,2936.0392647041645,72.254,2.418,0.765,434.934,52.561,1.759,0.784,416.708
845.0,972.9877,917.5499234505462,127.988,15.147,0.765,434.934,72.55,8.586,0.784,416.708
260.0,239.21,220.92748722556385,20.79,7.996,0.765,434.934,39.073,15.028,0.784,416.708
1395.0,1280.994,1341.8073341080894,114.006,8.172,0.765,434.934,53.193,3.813,0.784,416.708
945.0,1100.2651000000003,1075.3555450679578,155.265,16.43,0.765,434.934,130.356,13.794,0.784,416.708
260.0,322.51740000000007,279.8031102321013,62.517,24.045,0.765,434.934,19.803,7.617,0.784,416.708
448.0,450.5221999999999,446.0890287039561,2.522,0.563,0.765,434.934,1.911,0.427,0.784,416.708
4776.969999999999,4704.3670999999895,4603.7752616368425,72.603,1.52,0.765,434.934,173.195,3.626,0.784,416.708
2460.0,1913.7761,1903.2322004164264,546.224,22.204,0.765,434.934,556.768,22.633,0.784,416.708
3188.79,2812.1100000000006,2876.2340384419454,376.68,11.813,0.765,434.934,312.556,9.802,0.784,416.708
0.0,995.1403999999995,1111.6982510527366,995.14,inf,0.765,434.934,1111.698,inf,0.784,416.708
1390.0,1396.7228,1425.4283216952251,6.723,0.484,0.765,434.934,35.428,2.549,0.784,416.708
1070.0,1085.6698,1099.803649359428,15.67,1.464,0.765,434.934,29.804,2.785,0.784,416.708
2061.91,1999.6282000000008,2105.786208115152,62.282,3.021,0.765,434.934,43.876,2.128,0.784,416.708
2502.6,2377.856200000001,2548.0509352797844,124.744,4.985,0.765,434.934,45.451,1.816,0.784,416.708
720.0,519.25,484.1259595934323,200.75,27.882,0.765,434.934,235.874,32.76,0.784,416.708
240.0,240.3,193.58286796896311,0.3,0.125,0.765,434.934,46.417,19.34,0.784,416.708
538.5,886.5049,920.461865208116,348.005,64.625,0.765,434.934,381.962,70.931,0.784,416.708
260.0,252.0,246.365338400556,8.0,3.077,0.765,434.934,13.635,5.244,0.784,416.708
520.0,1127.3588,1232.4710258210737,607.359,116.8,0.765,434.934,712.471,137.014,0.784,416.708
1996.0,1883.0668000000007,1966.762116525119,112.933,5.658,0.765,434.934,29.238,1.465,0.784,416.708
790.0,764.5559999999998,740.3748206128765,25.444,3.221,0.765,434.934,49.625,6.282,0.784,416.708
758.0,702.7617999999999,708.9838165687172,55.238,7.287,0.765,434.934,49.016,6.466,0.784,416.708
1335.0,1063.529,1195.5452754745006,271.471,20.335,0.765,434.934,139.455,10.446,0.784,416.708
520.0,517.05,486.4111409881582,2.95,0.567,0.765,434.934,33.589,6.459,0.784,416.708
1740.0,1657.189,1703.1983081775666,82.811,4.759,0.765,434.934,36.802,2.115,0.784,416.708
3486.9700000000003,2395.994500000001,2457.5596425057097,1090.975,31.287,0.765,434.934,1029.41,29.522,0.784,416.708
1235.0,1272.5359000000003,1403.99209824707,37.536,3.039,0.765,434.934,168.992,13.684,0.784,416.708
520.0,502.6845,481.4785307200568,17.315,3.33,0.765,434.934,38.521,7.408,0.784,416.708
640.0,612.6589,604.8814260529853,27.341,4.272,0.765,434.934,35.119,5.487,0.784,416.708
495.0,508.3206,483.6713618116872,13.321,2.691,0.765,434.934,11.329,2.289,0.784,416.708
2570.0,2631.9649,2973.16249495298,61.965,2.411,0.765,434.934,403.162,15.687,0.784,416.708
995.0,914.2168999999998,956.5102149355394,80.783,8.119,0.765,434.934,38.49,3.868,0.784,416.708
495.0,539.2468,478.02623025222704,44.247,8.939,0.765,434.934,16.974,3.429,0.784,416.708
495.0,479.3527999999999,449.4166091917167,15.647,3.161,0.765,434.934,45.583,9.209,0.784,416.708
1110.0,1140.0138,1103.6154787057137,30.014,2.704,0.765,434.934,6.385,0.575,0.784,416.708
2570.0,2647.1120000000005,2974.9096926307493,77.112,3.0,0.765,434.934,404.91,15.755,0.784,416.708
520.0,1145.9524,1236.4111994967393,625.952,120.375,0.765,434.934,716.411,137.771,0.784,416.708
2771.0,2445.5163,2462.5698774696466,325.484,11.746,0.765,434.934,308.43,11.131,0.784,416.708
2390.0,2089.3758000000003,2253.962708810718,300.624,12.578,0.765,434.934,136.037,5.692,0.784,416.708
1454.3,1108.4027000000008,1267.9684441225563,345.897,23.784,0.765,434.934,186.332,12.812,0.784,416.708
1060.0,1102.38,1079.4832382694758,42.38,3.998,0.765,434.934,19.483,1.838,0.784,416.708
895.0,912.7165,880.8087433616895,17.716,1.979,0.765,434.934,14.191,1.586,0.784,416.708
240.0,240.039,197.50188703356923,0.039,0.016,0.765,434.934,42.498,17.708,0.784,416.708
1470.0,916.0784,1083.8623971420086,553.922,37.682,0.765,434.934,386.138,26.268,0.784,416.708
845.0,790.5773999999999,767.2143783158481,54.423,6.441,0.765,434.934,77.786,9.205,0.784,416.708
1341.0,1135.2112000000004,1218.0433429406737,205.789,15.346,0.765,434.934,122.957,9.169,0.784,416.708
895.0,920.4644,911.4689100936434,25.464,2.845,0.765,434.934,16.469,1.84,0.784,416.708
0.0,233.6,216.2636002186813,233.6,inf,0.765,434.934,216.264,inf,0.784,416.708
2045.0,1612.9886,1698.801672761906,432.011,21.125,0.765,434.934,346.198,16.929,0.784,416.708
261.0,259.89,229.8131901954445,1.11,0.425,0.765,434.934,31.187,11.949,0.784,416.708
2170.0,1320.8457,1631.5174930130584,849.154,39.132,0.765,434.934,538.483,24.815,0.784,416.708
1100.03,1109.3636999999994,1154.354388794466,9.334,0.849,0.765,434.934,54.324,4.938,0.784,416.708
3420.92,3415.794400000001,3522.332232511136,5.126,0.15,0.765,434.934,101.412,2.964,0.784,416.708
1995.3,1722.1252999999997,1755.1200845084948,273.175,13.691,0.765,434.934,240.18,12.037,0.784,416.708
240.0,346.324,321.5936106033909,106.324,44.302,0.765,434.934,81.594,33.997,0.784,416.708
2125.0,2464.5947,2674.5910802069643,339.595,15.981,0.765,434.934,549.591,25.863,0.784,416.708
1775.0,1554.3487999999998,1589.578357901307,220.651,12.431,0.765,434.934,185.422,10.446,0.784,416.708
2195.0,1655.9233000000002,1622.2747643152543,539.077,24.559,0.765,434.934,572.725,26.092,0.784,416.708
1625.0,1539.0525000000002,1498.4629846182515,85.947,5.289,0.765,434.934,126.537,7.787,0.784,416.708
520.0,519.75,468.7136257506672,0.25,0.048,0.765,434.934,51.286,9.863,0.784,416.708
570.0,513.2992999999999,502.6745372365908,56.701,9.948,0.765,434.934,67.325,11.811,0.784,416.708
913.6,939.9074,1005.2599254564966,26.307,2.879,0.765,434.934,91.66,10.033,0.784,416.708
1876.86,1972.8211,2070.3162818184123,95.961,5.113,0.765,434.934,193.456,10.307,0.784,416.708
895.0,1259.0263000000004,1212.030863043342,364.026,40.673,0.765,434.934,317.031,35.422,0.784,416.708
1117.5,1108.0998000000002,1115.7829723583902,9.4,0.841,0.765,434.934,1.717,0.154,0.784,416.708
260.0,261.672,230.5017826673311,1.672,0.643,0.765,434.934,29.498,11.345,0.784,416.708
1255.23,1193.3780999999992,1192.8027596961651,61.852,4.928,0.765,434.934,62.427,4.973,0.784,416.708
272.12,347.80069999999995,332.7012440035349,75.681,27.812,0.765,434.934,60.581,22.263,0.784,416.708
2215.0,1762.6965000000002,1849.98960728217,452.303,20.42,0.765,434.934,365.01,16.479,0.784,416.708
1443.21,730.5723999999999,914.4120602015284,712.638,49.379,0.765,434.934,528.798,36.64,0.784,416.708
1374.4,905.1239,920.6469343316928,469.276,34.144,0.765,434.934,453.753,33.015,0.784,416.708
892.0,883.6026000000003,904.9965827758496,8.397,0.941,0.765,434.934,12.997,1.457,0.784,416.708
1818.94,1834.4118000000017,2001.24982935902,15.472,0.851,0.765,434.934,182.31,10.023,0.784,416.708
1600.0,1372.1937000000005,1326.947434807371,227.806,14.238,0.765,434.934,273.053,17.066,0.784,416.708
1125.0,1124.5364,1191.7149991426309,0.464,0.041,0.765,434.934,66.715,5.93,0.784,416.708
1390.0,1416.3312999999998,1469.007578203078,26.331,1.894,0.765,434.934,79.008,5.684,0.784,416.708
815.0,767.0160000000001,742.0540953331084,47.984,5.888,0.765,434.934,72.946,8.95,0.784,416.708
895.0,891.4207000000001,887.5084035244731,3.579,0.4,0.765,434.934,7.492,0.837,0.784,416.708
745.0,760.35,753.847675946765,15.35,2.06,0.765,434.934,8.848,1.188,0.784,416.708
1181.0,1215.0680000000002,1248.2443297369327,34.068,2.885,0.765,434.934,67.244,5.694,0.784,416.708
1088.64,1088.2462,1116.099672521745,0.394,0.036,0.765,434.934,27.46,2.522,0.784,416.708
1182.13,1111.9857000000009,1127.7426623456124,70.144,5.934,0.765,434.934,54.387,4.601,0.784,416.708
1181.0,1138.2427,1191.0294840272084,42.757,3.62,0.765,434.934,10.029,0.849,0.784,416.708
2266.0,1890.7305,1982.654928691933,375.27,16.561,0.765,434.934,283.345,12.504,0.784,416.708
758.0,700.921,693.1248054318975,57.079,7.53,0.765,434.934,64.875,8.559,0.784,416.708
795.0,831.7931999999997,805.3112374112101,36.793,4.628,0.765,434.934,10.311,1.297,0.784,416.708
534.0,437.9539999999999,446.15552138649696,96.046,17.986,0.765,434.934,87.844,16.45,0.784,416.708
1854.0,1609.1524999999997,1631.8705962976903,244.848,13.206,0.765,434.934,222.129,11.981,0.784,416.708
260.0,239.33900000000003,235.1822692968,20.661,7.947,0.765,434.934,24.818,9.545,0.784,416.708
795.0,792.8352,708.676214423156,2.165,0.272,0.765,434.934,86.324,10.858,0.784,416.708
495.0,592.7569,492.4717406214211,97.757,19.749,0.765,434.934,2.528,0.511,0.784,416.708
628.0,658.1298999999999,684.2625160885452,30.13,4.798,0.765,434.934,56.263,8.959,0.784,416.708
958.9,876.064,897.255667257898,82.836,8.639,0.765,434.934,61.644,6.429,0.784,416.708
1010.0,1169.8543,1184.6214468114194,159.854,15.827,0.765,434.934,174.621,17.289,0.784,416.708
720.0,649.908,584.2696304365908,70.092,9.735,0.765,434.934,135.73,18.851,0.784,416.708
260.0,259.81,246.3951694313872,0.19,0.073,0.765,434.934,13.605,5.233,0.784,416.708
644.75,715.6640000000001,723.221619820155,70.914,10.999,0.765,434.934,78.472,12.171,0.784,416.708
3120.0,2702.5926,2688.291678751077,417.407,13.378,0.765,434.934,431.708,13.837,0.784,416.708
1286.92,1293.6232999999995,1301.2555861821984,6.703,0.521,0.765,434.934,14.336,1.114,0.784,416.708
2640.2,2320.2398000000026,2539.669615351726,319.96,12.119,0.765,434.934,100.53,3.808,0.784,416.708
0.0,1047.770300000001,1074.8766877958751,1047.77,inf,0.765,434.934,1074.877,inf,0.784,416.708
895.0,896.6894,886.3697522443758,1.689,0.189,0.765,434.934,8.63,0.964,0.784,416.708
988.0,1143.3776000000005,1093.4986862885737,155.378,15.727,0.765,434.934,105.499,10.678,0.784,416.708
1253.0,1282.3138,1537.5453299804487,29.314,2.34,0.765,434.934,284.545,22.709,0.784,416.708
260.0,257.11,255.01984379495903,2.89,1.112,0.765,434.934,4.98,1.915,0.784,416.708
520.0,524.34,505.8730576331556,4.34,0.835,0.765,434.934,14.127,2.717,0.784,416.708
0.0,1032.6519,1088.1688255936367,1032.652,inf,0.765,434.934,1088.169,inf,0.784,416.708
275.0,390.4070000000001,388.9542305579455,115.407,41.966,0.765,434.934,113.954,41.438,0.784,416.708
1615.0,1558.8340999999998,1556.6666573587358,56.166,3.478,0.765,434.934,58.333,3.612,0.784,416.708
545.2,583.6670999999994,651.5837160991358,38.467,7.056,0.765,434.934,106.384,19.513,0.784,416.708
1980.0,1918.3256,1851.4194582195748,61.674,3.115,0.765,434.934,128.581,6.494,0.784,416.708
2286.96,2265.0087999999987,2252.904960263325,21.951,0.96,0.765,434.934,34.055,1.489,0.784,416.708
840.0,871.8960000000001,848.6794036488033,31.896,3.797,0.765,434.934,8.679,1.033,0.784,416.708
1417.04,1355.678199999998,1398.364659285878,61.362,4.33,0.765,434.934,18.675,1.318,0.784,416.708
2557.0,2557.740599999999,2706.0238488838245,0.741,0.029,0.765,434.934,149.024,5.828,0.784,416.708
1735.0,1565.5454,1557.8417423908822,169.455,9.767,0.765,434.934,177.158,10.211,0.784,416.708
2000.0,1669.8521000000003,1684.0300548501798,330.148,16.507,0.765,434.934,315.97,15.798,0.784,416.708
1695.0,1742.7774000000002,1769.4587240088692,47.777,2.819,0.765,434.934,74.459,4.393,0.784,416.708
1074.35,1093.4101000000005,1139.936615221517,19.06,1.774,0.765,434.934,65.587,6.105,0.784,416.708
1165.0,1097.1785,1115.1977890860644,67.822,5.822,0.765,434.934,49.802,4.275,0.784,416.708
545.2,630.2440999999997,677.6111980999773,85.044,15.599,0.765,434.934,132.411,24.287,0.784,416.708
1340.29,1296.2147999999993,1348.8974186596438,44.075,3.288,0.765,434.934,8.607,0.642,0.784,416.708
992.2,956.921199999999,885.1782903767692,35.279,3.556,0.765,434.934,107.022,10.786,0.784,416.708
3726.57,3544.481300000005,3528.306705561847,182.089,4.886,0.765,434.934,198.263,5.32,0.784,416.708
564.9,579.6407000000006,571.7710757674652,14.741,2.609,0.765,434.934,6.871,1.216,0.784,416.708
240.0,202.078,182.3941602938575,37.922,15.801,0.765,434.934,57.606,24.002,0.784,416.708
820.0,853.9323999999999,847.3188648861828,33.932,4.138,0.765,434.934,27.319,3.332,0.784,416.708
2000.0,1647.5198999999996,1681.5881428114142,352.48,17.624,0.765,434.934,318.412,15.921,0.784,416.708
260.0,257.2,241.10464434957385,2.8,1.077,0.765,434.934,18.895,7.267,0.784,416.708
3325.0,3167.8757000000005,3331.610392422246,157.124,4.726,0.765,434.934,6.61,0.199,0.784,416.708
988.0,1016.4339,989.4202080555528,28.434,2.878,0.765,434.934,1.42,0.144,0.784,416.708
1327.99,1264.3132,1294.88436839865,63.677,4.795,0.765,434.934,33.106,2.493,0.784,416.708
840.0,840.5928,786.8235933826982,0.593,0.071,0.765,434.934,53.176,6.33,0.784,416.708
1114.6,1087.0315,1115.5417643723365,27.568,2.473,0.765,434.934,0.942,0.085,0.784,416.708
240.0,204.465,168.947098644586,35.535,14.806,0.765,434.934,71.053,29.605,0.784,416.708
616.76,550.8678000000001,570.8839830082076,65.892,10.684,0.765,434.934,45.876,7.438,0.784,416.708
1032.0,1063.0588000000002,1085.2885082765729,31.059,3.01,0.765,434.934,53.289,5.164,0.784,416.708
1090.0,1239.6133000000002,1119.2129572109602,149.613,13.726,0.765,434.934,29.213,2.68,0.784,416.708
1020.0,971.4773,904.229255870946,48.523,4.757,0.765,434.934,115.771,11.35,0.784,416.708
660.0,636.0991999999999,590.9789592540546,23.901,3.621,0.765,434.934,69.021,10.458,0.784,416.708
1039.7,1063.0612999999992,1074.3003311158527,23.361,2.247,0.765,434.934,34.6,3.328,0.784,416.708
240.0,240.0,210.18247583990228,0.0,0.0,0.765,434.934,29.818,12.424,0.784,416.708
1005.0,943.6374999999998,911.925220636488,61.363,6.106,0.765,434.934,93.075,9.261,0.784,416.708
1395.25,1326.9784,1357.727188343452,68.272,4.893,0.765,434.934,37.523,2.689,0.784,416.708
349.0,256.2296000000001,259.2999807811231,92.77,26.582,0.765,434.934,89.7,25.702,0.784,416.708
2544.0,2279.1101,2472.7490030119625,264.89,10.412,0.765,434.934,71.251,2.801,0.784,416.708
1358.3,1258.8302000000006,1342.4318628644587,99.47,7.323,0.765,434.934,15.868,1.168,0.784,416.708
1411.25,1407.3193,1481.5810338220742,3.931,0.279,0.765,434.934,70.331,4.984,0.784,416.708
520.0,535.0525,505.3251654676304,15.053,2.895,0.765,434.934,14.675,2.822,0.784,416.708
567.5,691.302,672.5830690741092,123.802,21.815,0.765,434.934,105.083,18.517,0.784,416.708
1443.21,1031.7053000000008,1155.4864620317476,411.505,28.513,0.765,434.934,287.724,19.936,0.784,416.708
1165.0,1237.3572,1275.687376086803,72.357,6.211,0.765,434.934,110.687,9.501,0.784,416.708
2500.0,2463.7194,2458.765243389776,36.281,1.451,0.765,434.934,41.235,1.649,0.784,416.708
520.0,513.699,503.5319666135856,6.301,1.212,0.765,434.934,16.468,3.167,0.784,416.708
1381.8,1322.6570000000004,1345.4596225463542,59.143,4.28,0.765,434.934,36.34,2.63,0.784,416.708
960.0,1039.2999,939.9325142182242,79.3,8.26,0.765,434.934,20.067,2.09,0.784,416.708
1355.0,1437.2583,1446.1210428498675,82.258,6.071,0.765,434.934,91.121,6.725,0.784,416.708
2865.0,2460.7969,2381.247066579637,404.203,14.108,0.765,434.934,483.753,16.885,0.784,416.708
0.0,1564.9285,1586.4486748639044,1564.928,inf,0.765,434.934,1586.449,inf,0.784,416.708
3590.0,3423.236,3390.5533978097037,166.764,4.645,0.765,434.934,199.447,5.556,0.784,416.708
1090.0,1225.924900000001,1089.5698560179314,135.925,12.47,0.765,434.934,0.43,0.039,0.784,416.708
597.19,568.1832000000004,547.1330795950694,29.007,4.857,0.765,434.934,50.057,8.382,0.784,416.708
845.0,871.7468000000002,872.2859928120348,26.747,3.165,0.765,434.934,27.286,3.229,0.784,416.708
1316.88,1208.7370000000003,1263.2288769058912,108.143,8.212,0.765,434.934,53.651,4.074,0.784,416.708
1473.6,1458.900300000001,1640.8126193766132,14.7,0.998,0.765,434.934,167.213,11.347,0.784,416.708
1275.0,1243.7851999999998,1234.7611335392362,31.215,2.448,0.765,434.934,40.239,3.156,0.784,416.708
1750.0,1960.66,2079.267827528695,210.66,12.038,0.765,434.934,329.268,18.815,0.784,416.708
495.0,512.7248999999999,451.463574542696,17.725,3.581,0.765,434.934,43.536,8.795,0.784,416.708
240.0,240.039,188.1217206946752,0.039,0.016,0.765,434.934,51.878,21.616,0.784,416.708
840.0,859.0092999999999,846.7363258804072,19.009,2.263,0.765,434.934,6.736,0.802,0.784,416.708
1804.35,1675.1226000000013,1761.9091826041513,129.227,7.162,0.765,434.934,42.441,2.352,0.784,416.708
2944.63,2832.7319000000016,3246.4524843461595,111.898,3.8,0.765,434.934,301.822,10.25,0.784,416.708
1110.0,1404.5274,1513.1780940759706,294.527,26.534,0.765,434.934,403.178,36.322,0.784,416.708
895.0,902.918,897.0298229809571,7.918,0.885,0.765,434.934,2.03,0.227,0.784,416.708
1145.0,1112.0049,1125.2034610908106,32.995,2.882,0.765,434.934,19.797,1.729,0.784,416.708
1845.0,1849.7970000000005,1916.4653023208264,4.797,0.26,0.765,434.934,71.465,3.873,0.784,416.708
1922.01,1350.333,1419.766881602105,571.677,29.744,0.765,434.934,502.243,26.131,0.784,416.708
1135.0,1176.8809,1222.562431166897,41.881,3.69,0.765,434.934,87.562,7.715,0.784,416.708
3650.0,3260.074,3258.3829651692117,389.926,10.683,0.765,434.934,391.617,10.729,0.784,416.708
1410.0,1546.5528999999997,1593.2692522769114,136.553,9.685,0.765,434.934,183.269,12.998,0.784,416.708
1700.0,1534.1154,1584.0775614496629,165.885,9.758,0.765,434.934,115.922,6.819,0.784,416.708
1025.0,1924.9551000000004,1986.219879011619,899.955,87.8,0.765,434.934,961.22,93.778,0.784,416.708
1245.0,1116.9001000000003,1149.825380331606,128.1,10.289,0.765,434.934,95.175,7.645,0.784,416.708
575.0,606.6107000000001,585.7956078292505,31.611,5.498,0.765,434.934,10.796,1.878,0.784,416.708
1301.0,1271.3425,1291.0015979683817,29.658,2.28,0.765,434.934,9.998,0.768,0.784,416.708
1470.87,1424.8757999999996,1535.7423338379845,45.994,3.127,0.765,434.934,64.872,4.41,0.784,416.708
1520.0,1427.8056000000006,1382.9217643798245,92.194,6.065,0.765,434.934,137.078,9.018,0.784,416.708
1080.0,1081.4100999999998,1068.5319532001135,1.41,0.131,0.765,434.934,11.468,1.062,0.784,416.708
895.0,912.539,912.3489138758498,17.539,1.96,0.765,434.934,17.349,1.938,0.784,416.708
1084.16,1028.5344000000007,1041.1314680494522,55.626,5.131,0.765,434.934,43.029,3.969,0.784,416.708
645.98,633.5196000000005,632.7855073143086,12.46,1.929,0.765,434.934,13.194,2.042,0.784,416.708
3417.06,3002.214699999999,3041.4033653831816,414.845,12.14,0.765,434.934,375.657,10.994,0.784,416.708
1529.0,1517.7904999999998,1558.0164762449244,11.21,0.733,0.765,434.934,29.016,1.898,0.784,416.708
730.0,747.3188999999999,726.0306664853828,17.319,2.372,0.765,434.934,3.969,0.544,0.784,416.708
1566.17,1469.1905000000002,1521.8685096150004,96.979,6.192,0.765,434.934,44.301,2.829,0.784,416.708
1295.0,1290.7995999999996,1299.0555241543768,4.2,0.324,0.765,434.934,4.056,0.313,0.784,416.708
2170.0,1481.9589,1756.4392407864243,688.041,31.707,0.765,434.934,413.561,19.058,0.784,416.708
1260.0,1341.1875,1387.4960728567114,81.188,6.443,0.765,434.934,127.496,10.119,0.784,416.708
900.0,871.0032000000002,862.5499656485572,28.997,3.222,0.765,434.934,37.45,4.161,0.784,416.708
895.0,1166.5417,1369.1696155727002,271.542,30.34,0.765,434.934,474.17,52.98,0.784,416.708
706.0,786.7099,780.2608324624331,80.71,11.432,0.765,434.934,74.261,10.519,0.784,416.708
520.0,509.7965000000001,472.9436573168287,10.203,1.962,0.765,434.934,47.056,9.049,0.784,416.708
800.0,645.7212,648.0739300212018,154.279,19.285,0.765,434.934,151.926,18.991,0.784,416.708
2308.6,1958.4462000000017,2077.2831833411224,350.154,15.167,0.765,434.934,231.317,10.02,0.784,416.708
240.0,237.8,210.4807956223059,2.2,0.917,0.765,434.934,29.519,12.3,0.784,416.708
1238.8,741.7239,852.3799657714625,497.076,40.126,0.765,434.934,386.42,31.193,0.784,416.708
1620.0,1302.0367,1438.1407392088693,317.963,19.627,0.765,434.934,181.859,11.226,0.784,416.708
240.0,233.0,198.08789084239876,7.0,2.917,0.765,434.934,41.912,17.463,0.784,416.708
1340.0,1426.3885999999998,1469.6112798565962,86.389,6.447,0.765,434.934,129.611,9.672,0.784,416.708
895.0,367.84,391.46728446818827,527.16,58.901,0.765,434.934,503.533,56.261,0.784,416.708
1120.0,1079.3647000000003,1027.331426366949,40.635,3.628,0.765,434.934,92.669,8.274,0.784,416.708
720.2,719.5859999999998,732.9996793770703,0.614,0.085,0.765,434.934,12.8,1.777,0.784,416.708
2777.5,2316.0172,2515.466741520748,461.483,16.615,0.765,434.934,262.033,9.434,0.784,416.708
1395.0,2197.5690000000004,2274.0047050294625,802.569,57.532,0.765,434.934,879.005,63.011,0.784,416.708
845.0,502.99459999999993,467.0946974332314,342.005,40.474,0.765,434.934,377.905,44.722,0.784,416.708
520.0,548.91,511.1065382207412,28.91,5.56,0.765,434.934,8.893,1.71,0.784,416.708
260.0,257.2,239.78677514119028,2.8,1.077,0.765,434.934,20.213,7.774,0.784,416.708
1487.0,1427.8836,1447.5013815205712,59.116,3.976,0.765,434.934,39.499,2.656,0.784,416.708
1510.0,1687.7035999999998,1891.6579824655607,177.704,11.768,0.765,434.934,381.658,25.275,0.784,416.708
495.0,469.1814,446.05794755290526,25.819,5.216,0.765,434.934,48.942,9.887,0.784,416.708
1301.0,1309.0121,1304.198039079011,8.012,0.616,0.765,434.934,3.198,0.246,0.784,416.708
1301.0,825.0109000000004,827.9492387656601,475.989,36.586,0.765,434.934,473.051,36.361,0.784,416.708
955.7,1715.7256000000002,1791.5061363158632,760.026,79.526,0.765,434.934,835.806,87.455,0.784,416.708
1260.0,1270.6449000000002,1205.2300449515624,10.645,0.845,0.765,434.934,54.77,4.347,0.784,416.708
2332.0,1896.0125,1872.7929439472648,435.987,18.696,0.765,434.934,459.207,19.692,0.784,416.708
1237.0,1154.2082999999989,1157.662194800451,82.792,6.693,0.765,434.934,79.338,6.414,0.784,416.708
2127.0,1658.4498999999998,1706.1243965223082,468.55,22.029,0.765,434.934,420.876,19.787,0.784,416.708
2295.0,2245.1681,2408.1119687801006,49.832,2.171,0.765,434.934,113.112,4.929,0.784,416.708
1324.24,1264.5160000000003,1296.4174253933522,59.724,4.51,0.765,434.934,27.823,2.101,0.784,416.708
270.0,309.68100000000004,292.6367093543759,39.681,14.697,0.765,434.934,22.637,8.384,0.784,416.708
706.0,745.6864999999999,740.6182319749522,39.686,5.621,0.765,434.934,34.618,4.903,0.784,416.708
566.11,429.6067000000001,443.9518765908697,136.503,24.112,0.765,434.934,122.158,21.578,0.784,416.708
1088.64,1104.1990000000003,1128.4919965082988,15.559,1.429,0.765,434.934,39.852,3.661,0.784,416.708
1720.0,526.7,513.6687897324468,1193.3,69.378,0.765,434.934,1206.331,70.136,0.784,416.708
495.0,507.5625,493.0900625312512,12.562,2.538,0.765,434.934,1.91,0.386,0.784,416.708
260.0,230.8,190.15916135734625,29.2,11.231,0.765,434.934,69.841,26.862,0.784,416.708
1195.0,1207.9560000000004,1315.7415482439203,12.956,1.084,0.765,434.934,120.742,10.104,0.784,416.708
895.0,899.9967999999999,885.7425245925328,4.997,0.558,0.765,434.934,9.257,1.034,0.784,416.708
0.0,940.2127000000004,936.6093799893274,940.213,inf,0.765,434.934,936.609,inf,0.784,416.708
1200.0,1267.5427,1248.5779753759705,67.543,5.629,0.765,434.934,48.578,4.048,0.784,416.708
2548.27,2334.482099999997,2268.836985860543,213.788,8.39,0.765,434.934,279.433,10.966,0.784,416.708
1115.44,1347.2045999999996,1303.12319323939,231.765,20.778,0.765,434.934,187.683,16.826,0.784,416.708
1255.0,1144.9208000000003,1157.6905502762058,110.079,8.771,0.765,434.934,97.309,7.754,0.784,416.708
2419.84,2152.1965,2183.685636943038,267.644,11.06,0.765,434.934,236.154,9.759,0.784,416.708
1105.0,1217.2576,1196.4220099711374,112.258,10.159,0.765,434.934,91.422,8.273,0.784,416.708
260.0,230.37,202.14641545359348,29.63,11.396,0.765,434.934,57.854,22.252,0.784,416.708
1969.4,2021.4360999999976,1998.2515310747044,52.036,2.642,0.765,434.934,28.852,1.465,0.784,416.708
495.0,508.3516,459.3298581083274,13.352,2.697,0.765,434.934,35.67,7.206,0.784,416.708
1161.0,873.3909000000001,854.8813356429956,287.609,24.773,0.765,434.934,306.119,26.367,0.784,416.708
937.27,1058.2422000000004,1010.3244172800815,120.972,12.907,0.765,434.934,73.054,7.794,0.784,416.708
4072.0,3044.4075,3199.9112587364048,1027.593,25.236,0.765,434.934,872.089,21.417,0.784,416.708
846.5,764.3931,781.9006455666566,82.107,9.7,0.765,434.934,64.599,7.631,0.784,416.708
2790.0,2488.7864,2470.370814488362,301.214,10.796,0.765,434.934,319.629,11.456,0.784,416.708
1173.8,1081.8169000000007,1131.4779947432348,91.983,7.836,0.765,434.934,42.322,3.606,0.784,416.708
1381.8,1368.884000000001,1358.0291954788845,12.916,0.935,0.765,434.934,23.771,1.72,0.784,416.708
1020.0,1003.3631999999998,1006.8612653386732,16.637,1.631,0.765,434.934,13.139,1.288,0.784,416.708
1207.0,1315.9009000000003,1321.7613442229042,108.901,9.022,0.765,434.934,114.761,9.508,0.784,416.708
595.0,569.9864,539.7415615535591,25.014,4.204,0.765,434.934,55.258,9.287,0.784,416.708
731.0,744.3428,761.990934880644,13.343,1.825,0.765,434.934,30.991,4.24,0.784,416.708
895.0,904.5222,902.7043242005946,9.522,1.064,0.765,434.934,7.704,0.861,0.784,416.708
1265.0,1147.1769999999997,1165.3119772920463,117.823,9.314,0.765,434.934,99.688,7.88,0.784,416.708
1371.0,1403.0123999999998,1487.8172401835943,32.012,2.335,0.765,434.934,116.817,8.521,0.784,416.708
790.0,773.9806,790.4972084016957,16.019,2.028,0.765,434.934,0.497,0.063,0.784,416.708
1025.0,989.6322999999996,988.7243930933564,35.368,3.451,0.765,434.934,36.276,3.539,0.784,416.708
725.0,902.1767,905.2253840594606,177.177,24.438,0.765,434.934,180.225,24.859,0.784,416.708
1595.0,1942.027,2009.5477066740127,347.027,21.757,0.765,434.934,414.548,25.99,0.784,416.708
1204.0,1329.2889000000005,1343.892624556306,125.289,10.406,0.765,434.934,139.893,11.619,0.784,416.708
852.0,830.3282999999996,810.2629755203176,21.672,2.544,0.765,434.934,41.737,4.899,0.784,416.708
538.5,886.6635000000003,935.3170856538592,348.164,64.654,0.765,434.934,396.817,73.689,0.784,416.708
1430.0,1260.4146,1305.1038360743376,169.585,11.859,0.765,434.934,124.896,8.734,0.784,416.708
1860.0,1708.8662,1728.3297883838693,151.134,8.125,0.765,434.934,131.67,7.079,0.784,416.708
280.0,283.10300000000007,214.76942664995192,3.103,1.108,0.765,434.934,65.231,23.297,0.784,416.708
1445.0,1920.0171000000005,2151.567997194052,475.017,32.873,0.765,434.934,706.568,48.897,0.784,416.708
795.0,763.3498,755.9110170538219,31.65,3.981,0.765,434.934,39.089,4.917,0.784,416.708
1057.76,1196.4088999999992,1138.2096093743428,138.649,13.108,0.765,434.934,80.45,7.606,0.784,416.708
495.0,499.1512,443.9204296723325,4.151,0.839,0.765,434.934,51.08,10.319,0.784,416.708
616.76,604.7046,597.2633508684519,12.055,1.955,0.765,434.934,19.497,3.161,0.784,416.708
377.0,384.7002,355.25376557215435,7.7,2.042,0.765,434.934,21.746,5.768,0.784,416.708
975.0,520.9,497.3734907622713,454.1,46.574,0.765,434.934,477.627,48.987,0.784,416.708
2944.63,2750.088200000002,3185.038268599993,194.542,6.607,0.765,434.934,240.408,8.164,0.784,416.708
520.0,526.75,491.5172290338514,6.75,1.298,0.765,434.934,28.483,5.478,0.784,416.708
847.4,828.0769,799.0635470688728,19.323,2.28,0.765,434.934,48.336,5.704,0.784,416.708
895.0,928.9976,917.253756112781,33.998,3.799,0.765,434.934,22.254,2.486,0.784,416.708
760.0,969.3306,1056.720841200408,209.331,27.544,0.765,434.934,296.721,39.042,0.784,416.708
0.0,1213.9197,1217.9075666931317,1213.92,inf,0.765,434.934,1217.908,inf,0.784,416.708
1535.0,1581.6776,1704.6358423125353,46.678,3.041,0.765,434.934,169.636,11.051,0.784,416.708
2557.0,2757.7675999999988,2853.420500193104,200.768,7.852,0.765,434.934,296.421,11.593,0.784,416.708
1051.5,1022.4085,1043.9611091097065,29.091,2.767,0.765,434.934,7.539,0.717,0.784,416.708
260.0,238.21,203.60266338646343,21.79,8.381,0.765,434.934,56.397,21.691,0.784,416.708
2235.0,2123.002,2344.717052440905,111.998,5.011,0.765,434.934,109.717,4.909,0.784,416.708
1002.97,983.6554,949.805893209716,19.315,1.926,0.765,434.934,53.164,5.301,0.784,416.708
875.0,923.7328000000002,920.8922765891864,48.733,5.569,0.765,434.934,45.892,5.245,0.784,416.708
840.0,806.95,805.5978505303596,33.05,3.935,0.765,434.934,34.402,4.095,0.784,416.708
565.0,554.446,532.2810625015255,10.554,1.868,0.765,434.934,32.719,5.791,0.784,416.708
1327.99,1292.0733999999998,1302.9579406555526,35.917,2.705,0.765,434.934,25.032,1.885,0.784,416.708
495.0,528.231,465.9905398226522,33.231,6.713,0.765,434.934,29.009,5.86,0.784,416.708
1820.0,1630.6172000000004,1608.8954261346644,189.383,10.406,0.765,434.934,211.105,11.599,0.784,416.708
1410.0,1398.8382,1358.2363391352667,11.162,0.792,0.765,434.934,51.764,3.671,0.784,416.708
260.0,260.0,233.8260611069209,0.0,0.0,0.765,434.934,26.174,10.067,0.784,416.708
1750.0,1962.2264,2102.457787466238,212.226,12.127,0.765,434.934,352.458,20.14,0.784,416.708
734.4,1107.0464999999997,1177.1688707091528,372.646,50.742,0.765,434.934,442.769,60.29,0.784,416.708
937.27,1004.5072000000006,962.6374870604236,67.237,7.174,0.765,434.934,25.367,2.706,0.784,416.708
600.0,594.7341,558.5998915341695,5.266,0.878,0.765,434.934,41.4,6.9,0.784,416.708
906.75,890.6302000000001,871.5395138629685,16.12,1.778,0.765,434.934,35.21,3.883,0.784,416.708
945.0,973.9178,992.9259415963052,28.918,3.06,0.765,434.934,47.926,5.072,0.784,416.708
745.0,771.4810999999999,737.2022757048944,26.481,3.554,0.765,434.934,7.798,1.047,0.784,416.708
1274.2,738.0114999999998,708.7052169189769,536.189,42.08,0.765,434.934,565.495,44.38,0.784,416.708
1105.0,1149.6890000000003,1185.9136057308085,44.689,4.044,0.765,434.934,80.914,7.323,0.784,416.708
728.0,725.4162,688.7418846918848,2.584,0.355,0.765,434.934,39.258,5.393,0.784,416.708
2028.48,1950.4091000000012,2057.22611309953,78.071,3.849,0.765,434.934,28.746,1.417,0.784,416.708
1695.0,1587.6953000000003,1561.065920223274,107.305,6.331,0.765,434.934,133.934,7.902,0.784,416.708
1344.44,1266.4976999999997,1336.7689920462344,77.942,5.797,0.765,434.934,7.671,0.571,0.784,416.708
1324.24,1290.1088000000002,1298.934478617708,34.131,2.577,0.765,434.934,25.306,1.911,0.784,416.708
2045.0,1766.5175000000004,1915.658339452172,278.482,13.618,0.765,434.934,129.342,6.325,0.784,416.708
1295.0,1284.9027999999992,1287.9645157755165,10.097,0.78,0.765,434.934,7.035,0.543,0.784,416.708
1374.4,1578.3467,1568.457142791801,203.947,14.839,0.765,434.934,194.057,14.119,0.784,416.708
520.0,613.9591,571.3074210277991,93.959,18.069,0.765,434.934,51.307,9.867,0.784,416.708
260.0,257.328,246.384711295552,2.672,1.028,0.765,434.934,13.615,5.237,0.784,416.708
1020.0,1085.5988,1133.7040975377874,65.599,6.431,0.765,434.934,113.704,11.147,0.784,416.708
520.0,516.595,468.5400343968039,3.405,0.655,0.765,434.934,51.46,9.896,0.784,416.708
901.4,969.3905999999994,995.0861479074074,67.991,7.543,0.765,434.934,93.686,10.393,0.784,416.708
681.0,743.0704,752.0780453038732,62.07,9.115,0.765,434.934,71.078,10.437,0.784,416.708
520.0,554.4364,514.1495862285582,34.436,6.622,0.765,434.934,5.85,1.125,0.784,416.708
879.0,1348.2136,1351.5878029394505,469.214,53.38,0.765,434.934,472.588,53.764,0.784,416.708
1487.0,992.7920999999996,922.4072142799356,494.208,33.235,0.765,434.934,564.593,37.969,0.784,416.708
1625.0,1545.8599000000002,1516.6038851129335,79.14,4.87,0.765,434.934,108.396,6.671,0.784,416.708
1020.0,1034.6112,1156.1947823837818,14.611,1.432,0.765,434.934,136.195,13.352,0.784,416.708
1817.0,2034.3464,2188.40422053932,217.346,11.962,0.765,434.934,371.404,20.441,0.784,416.708
1225.0,1163.7886000000003,1208.0643667835373,61.211,4.997,0.765,434.934,16.936,1.383,0.784,416.708
1624.65,595.7230999999998,641.4679747686408,1028.927,63.332,0.765,434.934,983.182,60.517,0.784,416.708
992.2,981.1704999999986,917.7002553525864,11.03,1.112,0.765,434.934,74.5,7.509,0.784,416.708
1125.0,1116.9731,1122.0776863956037,8.027,0.714,0.765,434.934,2.922,0.26,0.784,416.708
1340.29,1285.0131999999996,1339.493797779762,55.277,4.124,0.765,434.934,0.796,0.059,0.784,416.708
1224.15,1210.976499999998,1374.1284450969815,13.174,1.076,0.765,434.934,149.978,12.252,0.784,416.708
830.0,816.1645,816.1056927021991,13.836,1.667,0.765,434.934,13.894,1.674,0.784,416.708
1125.0,1161.495,1196.7425356841618,36.495,3.244,0.765,434.934,71.743,6.377,0.784,416.708
574.0,492.1692000000001,521.31737792472,81.831,14.256,0.765,434.934,52.683,9.178,0.784,416.708
1930.0,1529.1256,1668.7698669939855,400.874,20.771,0.765,434.934,261.23,13.535,0.784,416.708
495.0,519.0525,498.2128429925479,24.053,4.859,0.765,434.934,3.213,0.649,0.784,416.708
1379.92,1309.5748999999998,1365.001193586137,70.345,5.098,0.765,434.934,14.919,1.081,0.784,416.708
520.0,514.14,465.01426576840754,5.86,1.127,0.765,434.934,54.986,10.574,0.784,416.708
1535.0,1665.8719000000003,1646.2416001429897,130.872,8.526,0.765,434.934,111.242,7.247,0.784,416.708
520.0,525.1912000000001,502.08936258034487,5.191,0.998,0.765,434.934,17.911,3.444,0.784,416.708
4635.2,3374.3756,3792.5312586715,1260.824,27.201,0.765,434.934,842.669,18.18,0.784,416.708
5880.02,4188.910400000001,4438.523190296197,1691.11,28.76,0.765,434.934,1441.497,24.515,0.784,416.708
1150.0,1484.9326,1560.5955956587122,334.933,29.125,0.765,434.934,410.596,35.704,0.784,416.708
1508.8,1495.2400000000002,1549.4258654143596,13.56,0.899,0.765,434.934,40.626,2.693,0.784,416.708
1895.0,1515.8041999999998,1673.5988360467616,379.196,20.01,0.765,434.934,221.401,11.683,0.784,416.708
240.0,240.187,230.52292361815412,0.187,0.078,0.765,434.934,9.477,3.949,0.784,416.708
1371.0,987.7695000000002,1076.975190115381,383.23,27.953,0.765,434.934,294.025,21.446,0.784,416.708
705.0,737.3711,725.579871146959,32.371,4.592,0.765,434.934,20.58,2.919,0.784,416.708
3165.0,2500.130000000001,2667.7945043622467,664.87,21.007,0.765,434.934,497.205,15.709,0.784,416.708
830.0,816.2779000000003,834.1093838543549,13.722,1.653,0.765,434.934,4.109,0.495,0.784,416.708
260.0,210.2,190.5955541798558,49.8,19.154,0.765,434.934,69.404,26.694,0.784,416.708
2495.0,2249.4319,2439.1145806428485,245.568,9.842,0.765,434.934,55.885,2.24,0.784,416.708
740.0,710.7036999999999,697.0759237015482,29.296,3.959,0.765,434.934,42.924,5.801,0.784,416.708
962.62,945.6989999999998,949.7657872683264,16.921,1.758,0.765,434.934,12.854,1.335,0.784,416.708
885.2,866.5838000000005,893.9875411862029,18.616,2.103,0.765,434.934,8.788,0.993,0.784,416.708
520.0,564.7396,542.6444886497532,44.74,8.604,0.765,434.934,22.644,4.355,0.784,416.708
495.0,485.6,476.2072145152092,9.4,1.899,0.765,434.934,18.793,3.797,0.784,416.708
520.0,509.1425,491.29091678669295,10.858,2.088,0.765,434.934,28.709,5.521,0.784,416.708
1263.5,900.9476,853.3105198323277,362.552,28.694,0.765,434.934,410.189,32.465,0.784,416.708
495.0,628.869,575.4613667408895,133.869,27.044,0.765,434.934,80.461,16.255,0.784,416.708
1390.0,1404.9716,1422.4651119074035,14.972,1.077,0.765,434.934,32.465,2.336,0.784,416.708
727.36,796.7709,755.8317809238287,69.411,9.543,0.765,434.934,28.472,3.914,0.784,416.708
1039.7,1072.0464999999997,1060.7547097571678,32.346,3.111,0.765,434.934,21.055,2.025,0.784,416.708
1370.0,1382.2140999999997,1382.6365915315562,12.214,0.892,0.765,434.934,12.637,0.922,0.784,416.708
495.0,515.7467999999999,455.26921024191824,20.747,4.191,0.765,434.934,39.731,8.026,0.784,416.708
2270.0,2510.802,2502.320862192739,240.802,10.608,0.765,434.934,232.321,10.234,0.784,416.708
1819.4,1736.3687999999993,1967.5084284112363,83.031,4.564,0.765,434.934,148.108,8.14,0.784,416.708
1221.8,850.5251000000001,854.4846445165457,371.275,30.388,0.765,434.934,367.315,30.063,0.784,416.708
1457.0,736.5530000000002,1091.630854122513,720.447,49.447,0.765,434.934,365.369,25.077,0.784,416.708
260.0,600.2189000000002,588.82746092827,340.219,130.853,0.765,434.934,328.827,126.472,0.784,416.708
6976.96,6937.390399999998,6885.008573315203,39.57,0.567,0.765,434.934,91.951,1.318,0.784,416.708
895.0,912.4999,913.3360774763348,17.5,1.955,0.765,434.934,18.336,2.049,0.784,416.708
1071.0,1120.667,1073.942711363809,49.667,4.637,0.765,434.934,2.943,0.275,0.784,416.708
1694.0,1701.2912000000006,1759.5724500757683,7.291,0.43,0.765,434.934,65.572,3.871,0.784,416.708
1469.0,1436.2543999999998,1448.9869945976618,32.746,2.229,0.765,434.934,20.013,1.362,0.784,416.708
495.0,501.195,456.7514124025249,6.195,1.252,0.765,434.934,38.249,7.727,0.784,416.708
1381.8,1340.3180000000004,1357.6950656087092,41.482,3.002,0.765,434.934,24.105,1.744,0.784,416.708
0.0,2446.4682000000003,2367.6203472491334,2446.468,inf,0.765,434.934,2367.62,inf,0.784,416.708
520.0,541.35,546.2722595225505,21.35,4.106,0.765,434.934,26.272,5.052,0.784,416.708
2190.0,2383.0544000000004,2544.207792233997,193.054,8.815,0.765,434.934,354.208,16.174,0.784,416.708
495.0,495.0378,499.12570428772335,0.038,0.008,0.765,434.934,4.126,0.834,0.784,416.708
1027.7,1093.114099999999,1163.7765738909063,65.414,6.365,0.765,434.934,136.077,13.241,0.784,416.708
1200.0,1211.3039,1216.332238868663,11.304,0.942,0.765,434.934,16.332,1.361,0.784,416.708
1158.95,924.5690999999996,954.3314536034128,234.381,20.224,0.765,434.934,204.619,17.656,0.784,416.708
935.0,908.8678,949.1519797048128,26.132,2.795,0.765,434.934,14.152,1.514,0.784,416.708
3434.0,2684.9477,2743.940402909933,749.052,21.813,0.765,434.934,690.06,20.095,0.784,416.708
840.0,852.2355,831.9139590666778,12.236,1.457,0.765,434.934,8.086,0.963,0.784,416.708
240.0,240.0,227.16772149287775,0.0,0.0,0.765,434.934,12.832,5.347,0.784,416.708
2640.2,2479.777800000003,2614.088584572153,160.422,6.076,0.765,434.934,26.111,0.989,0.784,416.708
2258.0,2113.5965,2222.258914529249,144.403,6.395,0.765,434.934,35.741,1.583,0.784,416.708
1660.0,1543.6921000000002,1462.8832158526404,116.308,7.007,0.765,434.934,197.117,11.875,0.784,416.708
1939.75,2170.2125,2514.937059514265,230.463,11.881,0.765,434.934,575.187,29.653,0.784,416.708
240.0,241.861,263.1280251268217,1.861,0.775,0.765,434.934,23.128,9.637,0.784,416.708
495.0,515.3344999999998,483.36204132398655,20.334,4.108,0.765,434.934,11.638,2.351,0.784,416.708
1600.2,1290.7575,1247.014568925025,309.443,19.338,0.765,434.934,353.185,22.071,0.784,416.708
1118.32,924.783,914.721701792479,193.537,17.306,0.765,434.934,203.598,18.206,0.784,416.708
1817.0,1544.7122000000004,1813.7097818615143,272.288,14.986,0.765,434.934,3.29,0.181,0.784,416.708
1173.8,1139.003400000001,1191.837300624495,34.797,2.964,0.765,434.934,18.037,1.537,0.784,416.708
965.0,997.0445,969.918760025309,32.044,3.321,0.765,434.934,4.919,0.51,0.784,416.708
575.0,594.3553000000002,549.9083572821477,19.355,3.366,0.765,434.934,25.092,4.364,0.784,416.708
1255.7,1237.5673999999997,1170.7754179767585,18.133,1.444,0.765,434.934,84.925,6.763,0.784,416.708
1390.0,1403.2991,1443.7816770945435,13.299,0.957,0.765,434.934,53.782,3.869,0.784,416.708
1388.0,1329.1322999999998,1380.5122717926529,58.868,4.241,0.765,434.934,7.488,0.539,0.784,416.708
1324.2,1705.7520000000004,1831.1386396748749,381.552,28.814,0.765,434.934,506.939,38.283,0.784,416.708
836.0,858.2942000000004,873.2836125014422,22.294,2.667,0.765,434.934,37.284,4.46,0.784,416.708
1136.5,1225.2215000000003,1298.4646743125857,88.722,7.807,0.765,434.934,161.965,14.251,0.784,416.708
4840.0,2594.972799999999,2903.382840624294,2245.027,46.385,0.765,434.934,1936.617,40.013,0.784,416.708
2028.48,2060.6470000000013,2132.7048251690976,32.167,1.586,0.765,434.934,104.225,5.138,0.784,416.708
895.0,996.6927,991.7589734515856,101.693,11.362,0.765,434.934,96.759,10.811,0.784,416.708
0.0,536.2316999999999,511.0343235631464,536.232,inf,0.765,434.934,511.034,inf,0.784,416.708
840.0,767.7155,779.9084740713557,72.284,8.605,0.765,434.934,60.092,7.154,0.784,416.708
520.0,524.63,515.6370070544317,4.63,0.89,0.765,434.934,4.363,0.839,0.784,416.708
1470.87,1411.8697999999995,1543.4663400421034,59.0,4.011,0.765,434.934,72.596,4.936,0.784,416.708
840.0,823.23,788.5964020888881,16.77,1.996,0.765,434.934,51.404,6.12,0.784,416.708
895.0,920.2411,890.4202162047382,25.241,2.82,0.765,434.934,4.58,0.512,0.784,416.708
2578.4,2613.4074999999984,2528.7069771270653,35.007,1.358,0.765,434.934,49.693,1.927,0.784,416.708
5118.09,3933.301000000005,4486.008533949191,1184.789,23.149,0.765,434.934,632.081,12.35,0.784,416.708
1911.99,1875.1977,1903.436719567148,36.792,1.924,0.765,434.934,8.553,0.447,0.784,416.708
495.0,450.22,442.1961004352764,44.78,9.046,0.765,434.934,52.804,10.667,0.784,416.708
520.0,546.2372,521.0400846888356,26.237,5.046,0.765,434.934,1.04,0.2,0.784,416.708
524.25,571.9035,517.3094638722534,47.654,9.09,0.765,434.934,6.941,1.324,0.784,416.708
1216.0,1309.4519000000005,1387.2938757165284,93.452,7.685,0.765,434.934,171.294,14.087,0.784,416.708
1095.0,1261.9819,1283.4891831985635,166.982,15.249,0.765,434.934,188.489,17.214,0.784,416.708
895.0,895.3611999999999,912.8481401242038,0.361,0.04,0.765,434.934,17.848,1.994,0.784,416.708
0.0,640.2929999999999,597.0761620982337,640.293,inf,0.765,434.934,597.076,inf,0.784,416.708
1796.0,1850.4399,1959.4799759296009,54.44,3.031,0.765,434.934,163.48,9.102,0.784,416.708
830.0,840.2964,818.8673859442723,10.296,1.24,0.765,434.934,11.133,1.341,0.784,416.708
1575.0,935.3041000000002,892.6753820544004,639.696,40.616,0.765,434.934,682.325,43.322,0.784,416.708
3325.0,3168.5833,3354.9529752343874,156.417,4.704,0.765,434.934,29.953,0.901,0.784,416.708
2195.0,1881.6956,1964.5576416127533,313.304,14.274,0.765,434.934,230.442,10.498,0.784,416.708
1142.3,869.7451,948.3531313734276,272.555,23.86,0.765,434.934,193.947,16.979,0.784,416.708
1524.69,1756.3526000000006,1876.2960683758256,231.663,15.194,0.765,434.934,351.606,23.061,0.784,416.708
795.0,804.5144,957.0194910857616,9.514,1.197,0.765,434.934,162.019,20.38,0.784,416.708
2196.4,1472.070399999999,1565.640775690864,724.33,32.978,0.765,434.934,630.759,28.718,0.784,416.708
945.0,1088.6726,1029.1941561794947,143.673,15.203,0.765,434.934,84.194,8.909,0.784,416.708
1390.0,1396.8471,1422.449212098339,6.847,0.493,0.765,434.934,32.449,2.334,0.784,416.708
1271.5,1199.6275999999996,1180.835066060247,71.872,5.653,0.765,434.934,90.665,7.131,0.784,416.708
895.0,857.1548999999999,853.5296700531605,37.845,4.228,0.765,434.934,41.47,4.634,0.784,416.708
1495.0,1674.5694999999998,1712.384362181053,179.569,12.011,0.765,434.934,217.384,14.541,0.784,416.708
781.2,801.9302999999995,799.3875714478679,20.73,2.654,0.765,434.934,18.188,2.328,0.784,416.708
495.0,537.3331,489.56669186745273,42.333,8.552,0.765,434.934,5.433,1.098,0.784,416.708
547.5,539.8284,504.63022771566216,7.672,1.401,0.765,434.934,42.87,7.83,0.784,416.708
852.0,856.7248999999999,1053.5332478084547,4.725,0.555,0.765,434.934,201.533,23.654,0.784,416.708
1270.0,1263.303,1308.713019820288,6.697,0.527,0.765,434.934,38.713,3.048,0.784,416.708
1768.0,1422.6660000000002,1546.220532576109,345.334,19.532,0.765,434.934,221.779,12.544,0.784,416.708
840.0,852.0027999999999,792.5830311289808,12.003,1.429,0.765,434.934,47.417,5.645,0.784,416.708
937.27,900.7213,907.0733822110373,36.549,3.9,0.765,434.934,30.197,3.222,0.784,416.708
1204.0,1259.6534,1291.8317352533822,55.653,4.622,0.765,434.934,87.832,7.295,0.784,416.708
3325.0,3136.1704000000004,3313.1939614357643,188.83,5.679,0.765,434.934,11.806,0.355,0.784,416.708
1133.63,1108.5239,1113.714553333632,25.106,2.215,0.765,434.934,19.915,1.757,0.784,416.708
1032.0,1060.63,1058.421185992448,28.63,2.774,0.765,434.934,26.421,2.56,0.784,416.708
1550.0,1395.1499,1412.2888974125417,154.85,9.99,0.765,434.934,137.711,8.885,0.784,416.708
2456.18,1953.1794999999984,1905.5278204501808,503.001,20.479,0.765,434.934,550.652,22.419,0.784,416.708
545.0,608.4902000000001,555.0483424406992,63.49,11.65,0.765,434.934,10.048,1.844,0.784,416.708
840.0,799.1291999999999,816.7975497526227,40.871,4.866,0.765,434.934,23.202,2.762,0.784,416.708
1133.0,1111.9416,1139.8677325504425,21.058,1.859,0.765,434.934,6.868,0.606,0.784,416.708
1265.0,1214.7296,1226.6923788257131,50.27,3.974,0.765,434.934,38.308,3.028,0.784,416.708
840.0,1055.9412,1016.730240677123,215.941,25.707,0.765,434.934,176.73,21.039,0.784,416.708
1149.51,1020.5601999999998,1045.9175481684308,128.95,11.218,0.765,434.934,103.592,9.012,0.784,416.708
520.0,498.7525,480.1809302836509,21.248,4.086,0.765,434.934,39.819,7.658,0.784,416.708
340.0,368.66,374.82225963110704,28.66,8.429,0.765,434.934,34.822,10.242,0.784,416.708
1996.0,1781.2193000000009,1903.000994486409,214.781,10.761,0.765,434.934,92.999,4.659,0.784,416.708
2127.0,1626.1765,1678.4891530806512,500.823,23.546,0.765,434.934,448.511,21.087,0.784,416.708
1615.0,1504.5632,1592.8777863975372,110.437,6.838,0.765,434.934,22.122,1.37,0.784,416.708
1039.0,1044.8857999999998,1067.9514206357749,5.886,0.567,0.765,434.934,28.951,2.786,0.784,416.708
520.0,513.4025,478.5720433281712,6.597,1.269,0.765,434.934,41.428,7.967,0.784,416.708
260.0,258.41,223.2819428285512,1.59,0.612,0.765,434.934,36.718,14.122,0.784,416.708
2010.0,948.5573,974.087287472614,1061.443,52.808,0.765,434.934,1035.913,51.538,0.784,416.708
495.0,483.7944,468.76305504689583,11.206,2.264,0.765,434.934,26.237,5.3,0.784,416.708
718.0,773.7802999999999,788.7943954933804,55.78,7.769,0.765,434.934,70.794,9.86,0.784,416.708
1624.65,1350.2532999999996,1398.6792059524348,274.397,16.89,0.765,434.934,225.971,13.909,0.784,416.708
1399.1,1463.1495000000002,1476.3974676280704,64.05,4.578,0.765,434.934,77.297,5.525,0.784,416.708
520.0,501.6025,494.3357441924179,18.397,3.538,0.765,434.934,25.664,4.935,0.784,416.708
4140.0,4320.4747000000025,4206.72421846482,180.475,4.359,0.765,434.934,66.724,1.612,0.784,416.708
940.0,950.8081,935.296303041002,10.808,1.15,0.765,434.934,4.704,0.5,0.784,416.708
1145.0,1111.4282,1041.5898548601556,33.572,2.932,0.765,434.934,103.41,9.031,0.784,416.708
0.0,512.8,483.7448802328952,512.8,inf,0.765,434.934,483.745,inf,0.784,416.708
1570.4,1582.9797999999982,1563.6090917271931,12.58,0.801,0.765,434.934,6.791,0.432,0.784,416.708
520.0,474.147,437.842551123817,45.853,8.818,0.765,434.934,82.157,15.799,0.784,416.708
950.0,894.6029000000001,880.8973217115561,55.397,5.831,0.765,434.934,69.103,7.274,0.784,416.708
1246.0,1637.0588000000002,1844.198828687096,391.059,31.385,0.765,434.934,598.199,48.01,0.784,416.708
1781.46,1675.9788999999998,1607.9452503628877,105.481,5.921,0.765,434.934,173.515,9.74,0.784,416.708
1530.2,1354.0661999999998,1363.27985198536,176.134,11.511,0.765,434.934,166.92,10.908,0.784,416.708
1465.0,1442.2633,1472.9565294639356,22.737,1.552,0.765,434.934,7.957,0.543,0.784,416.708
2695.0,2268.0059,2490.809491328843,426.994,15.844,0.765,434.934,204.191,7.577,0.784,416.708
1170.0,898.8197999999998,927.9975880841464,271.18,23.178,0.765,434.934,242.002,20.684,0.784,416.708
260.0,259.8,231.2175799492649,0.2,0.077,0.765,434.934,28.782,11.07,0.784,416.708
520.0,533.1777999999999,512.7686083578503,13.178,2.534,0.765,434.934,7.231,1.391,0.784,416.708
524.25,520.0,488.2616882277996,4.25,0.811,0.765,434.934,35.988,6.865,0.784,416.708
895.0,946.2615,943.2627311217904,51.261,5.727,0.765,434.934,48.263,5.393,0.784,416.708
1600.2,1333.814,1340.9780736609105,266.386,16.647,0.765,434.934,259.222,16.199,0.784,416.708
884.0,869.7191,873.5640289620421,14.281,1.615,0.765,434.934,10.436,1.181,0.784,416.708
240.0,253.3,273.99825601170875,13.3,5.542,0.765,434.934,33.998,14.166,0.784,416.708
1675.0,1793.7311999999995,1853.427584440075,118.731,7.088,0.765,434.934,178.428,10.652,0.784,416.708
2095.0,1883.9588,2001.9547501847287,211.041,10.074,0.765,434.934,93.045,4.441,0.784,416.708
1143.0,976.2617,1005.4213161065816,166.738,14.588,0.765,434.934,137.579,12.037,0.784,416.708
1795.0,1480.9317,1524.9455887275217,314.068,17.497,0.765,434.934,270.054,15.045,0.784,416.708
954.0,947.1438,960.4737362670194,6.856,0.719,0.765,434.934,6.474,0.679,0.784,416.708
2295.0,2392.7535000000003,2527.860084265109,97.754,4.259,0.765,434.934,232.86,10.146,0.784,416.708
2771.0,2507.7581000000005,2433.244549151485,263.242,9.5,0.765,434.934,337.755,12.189,0.784,416.708
1590.0,1571.9198,1623.4961518055366,18.08,1.137,0.765,434.934,33.496,2.107,0.784,416.708
1142.3,911.9999,988.9552625117692,230.3,20.161,0.765,434.934,153.345,13.424,0.784,416.708
1020.96,1030.1313000000016,1006.9752614875948,9.171,0.898,0.765,434.934,13.985,1.37,0.784,416.708
1595.0,1731.181,1846.0839652736584,136.181,8.538,0.765,434.934,251.084,15.742,0.784,416.708
985.0,990.0424,963.9597330709778,5.042,0.512,0.765,434.934,21.04,2.136,0.784,416.708
520.0,524.0725,503.6629543287348,4.072,0.783,0.765,434.934,16.337,3.142,0.784,416.708
2140.0,1908.759,1885.8635150344328,231.241,10.806,0.765,434.934,254.136,11.876,0.784,416.708
1615.0,1565.6575,1569.507241223836,49.342,3.055,0.765,434.934,45.493,2.817,0.784,416.708
260.0,257.23900000000003,235.37998955054823,2.761,1.062,0.765,434.934,24.62,9.469,0.784,416.708
1070.0,939.9203,964.4448086621398,130.08,12.157,0.765,434.934,105.555,9.865,0.784,416.708
495.0,452.6225,419.0013015302376,42.378,8.561,0.765,434.934,75.999,15.353,0.784,416.708
495.0,666.9593,853.7256496866221,171.959,34.739,0.765,434.934,358.726,72.47,0.784,416.708
520.0,531.225,533.7153002451165,11.225,2.159,0.765,434.934,13.715,2.637,0.784,416.708
1083.0,1083.8515,1074.4729099479814,0.851,0.079,0.765,434.934,8.527,0.787,0.784,416.708
1555.0,1568.7663999999995,1618.1046057171102,13.766,0.885,0.765,434.934,63.105,4.058,0.784,416.708
1208.14,1108.5801999999996,1109.1097323440058,99.56,8.241,0.765,434.934,99.03,8.197,0.784,416.708
1417.04,1382.7478999999985,1404.9128357269012,34.292,2.42,0.765,434.934,12.127,0.856,0.784,416.708
1371.0,1398.235,1508.371262541722,27.235,1.987,0.765,434.934,137.371,10.02,0.784,416.708
2308.6,2231.2904000000026,2280.822904064328,77.31,3.349,0.765,434.934,27.777,1.203,0.784,416.708
1125.0,1117.4839999999997,1106.7090756440443,7.516,0.668,0.765,434.934,18.291,1.626,0.784,416.708
1819.85,1552.6854999999998,1628.7724326138018,267.165,14.681,0.765,434.934,191.078,10.5,0.784,416.708
2890.0,2134.9663,2187.496327848624,755.034,26.126,0.765,434.934,702.504,24.308,0.784,416.708
1445.0,2032.1873,2233.763308526229,587.187,40.636,0.765,434.934,788.763,54.586,0.784,416.708
881.4,321.7737,351.8854447866117,559.626,63.493,0.765,434.934,529.515,60.077,0.784,416.708
955.0,927.3451000000003,904.6178413895404,27.655,2.896,0.765,434.934,50.382,5.276,0.784,416.708
840.0,877.1618000000001,868.4567981371762,37.162,4.424,0.765,434.934,28.457,3.388,0.784,416.708
1375.0,1267.1308,1278.663733283703,107.869,7.845,0.765,434.934,96.336,7.006,0.784,416.708
520.0,427.864,404.91786870202304,92.136,17.718,0.765,434.934,115.082,22.131,0.784,416.708
545.2,615.5462999999996,658.8874488762649,70.346,12.903,0.765,434.934,113.687,20.852,0.784,416.708
895.0,813.498,841.0573212190857,81.502,9.106,0.765,434.934,53.943,6.027,0.784,416.708
1820.0,1779.4957000000004,1925.282460427758,40.504,2.225,0.765,434.934,105.282,5.785,0.784,416.708
1307.14,1156.2585,1207.799912759991,150.882,11.543,0.765,434.934,99.34,7.6,0.784,416.708
852.2,892.227599999999,874.4201610970892,40.028,4.697,0.765,434.934,22.22,2.607,0.784,416.708
2771.0,2419.2132,2451.8942312159725,351.787,12.695,0.765,434.934,319.106,11.516,0.784,416.708
1118.9,1108.6987999999992,1092.1083190193808,10.201,0.912,0.765,434.934,26.792,2.394,0.784,416.708
705.0,764.5576999999998,754.6664648874766,59.558,8.448,0.765,434.934,49.666,7.045,0.784,416.708
1217.0,1346.4897999999998,1497.215335025989,129.49,10.64,0.765,434.934,280.215,23.025,0.784,416.708
545.0,588.78,563.3198569094636,43.78,8.033,0.765,434.934,18.32,3.361,0.784,416.708
865.0,845.3811999999999,771.2114722207502,19.619,2.268,0.765,434.934,93.789,10.843,0.784,416.708
1459.5,1313.3222,1098.3391853122312,146.178,10.016,0.765,434.934,361.161,24.746,0.784,416.708
2036.44,2063.053500000001,2092.964180431145,26.614,1.307,0.765,434.934,56.524,2.776,0.784,416.708
520.0,421.661,397.8787599604343,98.339,18.911,0.765,434.934,122.121,23.485,0.784,416.708
925.0,881.2045000000002,878.4613488096109,43.795,4.735,0.765,434.934,46.539,5.031,0.784,416.708
723.5,757.9599,753.5224101161322,34.46,4.763,0.765,434.934,30.022,4.15,0.784,416.708
3224.0,3116.2536,3008.466306110745,107.746,3.342,0.765,434.934,215.534,6.685,0.784,416.708
240.0,237.6,211.01849177263895,2.4,1.0,0.765,434.934,28.982,12.076,0.784,416.708
739.99,795.4283999999998,844.9419292180368,55.438,7.492,0.765,434.934,104.952,14.183,0.784,416.708
2280.0,2202.3884,2481.514311326118,77.612,3.404,0.765,434.934,201.514,8.838,0.784,416.708
320.0,380.3587,767.6557731390288,60.359,18.862,0.765,434.934,447.656,139.892,0.784,416.708
520.0,516.55,507.5837907487079,3.45,0.663,0.765,434.934,12.416,2.388,0.784,416.708
595.0,553.6259999999999,516.7488071606967,41.374,6.954,0.765,434.934,78.251,13.151,0.784,416.708
1060.65,1118.7807999999998,1272.4151435144038,58.131,5.481,0.765,434.934,211.765,19.966,0.784,416.708
2495.0,2013.1302,1978.5706550964237,481.87,19.313,0.765,434.934,516.429,20.699,0.784,416.708
705.0,701.5794000000001,710.0676431772988,3.421,0.485,0.765,434.934,5.068,0.719,0.784,416.708
1115.5,1243.0870000000004,1260.0488537620165,127.587,11.438,0.765,434.934,144.549,12.958,0.784,416.708
875.0,862.2991999999999,865.0156529168722,12.701,1.452,0.765,434.934,9.984,1.141,0.784,416.708
1095.7,1373.5685999999985,1417.286749273523,277.869,25.36,0.765,434.934,321.587,29.35,0.784,416.708
1047.9,1029.1907999999996,1008.0877435280483,18.709,1.785,0.765,434.934,39.812,3.799,0.784,416.708
1399.1,1420.8950000000002,1483.5443230146268,21.795,1.558,0.765,434.934,84.444,6.036,0.784,416.708
1297.93,1442.7105000000004,1418.250433925742,144.781,11.155,0.765,434.934,120.32,9.27,0.784,416.708
925.0,941.6124000000002,898.2532109747535,16.612,1.796,0.765,434.934,26.747,2.892,0.784,416.708
1395.0,1392.6253,1439.6030078137396,2.375,0.17,0.765,434.934,44.603,3.197,0.784,416.708
616.76,584.6668,617.3960588512828,32.093,5.203,0.765,434.934,0.636,0.103,0.784,416.708
1390.0,1350.8921000000005,1405.2734026029134,39.108,2.814,0.765,434.934,15.273,1.099,0.784,416.708
2235.0,2172.6580000000004,2429.125960572539,62.342,2.789,0.765,434.934,194.126,8.686,0.784,416.708
1700.0,1440.5388,1527.9193234777044,259.461,15.262,0.765,434.934,172.081,10.122,0.784,416.708
2854.81,1740.5086999999994,1976.0984347522176,1114.301,39.032,0.765,434.934,878.712,30.78,0.784,416.708
2195.44,1972.6968000000008,2080.7759153345105,222.743,10.146,0.765,434.934,114.664,5.223,0.784,416.708
495.0,486.6378,455.8803253959894,8.362,1.689,0.765,434.934,39.12,7.903,0.784,416.708
5118.09,4144.567400000005,4655.318477876202,973.523,19.021,0.765,434.934,462.772,9.042,0.784,416.708
0.0,715.7633999999998,727.0472198692547,715.763,inf,0.765,434.934,727.047,inf,0.784,416.708
1520.0,1305.1888,1347.0479701369602,214.811,14.132,0.765,434.934,172.952,11.378,0.784,416.708
1297.93,1399.7803000000013,1381.0050968247497,101.85,7.847,0.765,434.934,83.075,6.401,0.784,416.708
1316.88,1288.3697000000002,1314.806868843962,28.51,2.165,0.765,434.934,2.073,0.157,0.784,416.708
1920.0,1754.4519,1795.9571190153276,165.548,8.622,0.765,434.934,124.043,6.461,0.784,416.708
795.9,714.9141000000002,703.2704760574808,80.986,10.175,0.765,434.934,92.63,11.638,0.784,416.708
900.6600000000001,968.7057000000008,1024.057245226925,68.046,7.555,0.765,434.934,123.397,13.701,0.784,416.708
995.0,1023.4642999999996,1064.175993730821,28.464,2.861,0.765,434.934,69.176,6.952,0.784,416.708
1511.0,1522.0967999999996,1572.3503920408714,11.097,0.734,0.765,434.934,61.35,4.06,0.784,416.708
520.0,519.4535,486.29361899496246,0.547,0.105,0.765,434.934,33.706,6.482,0.784,416.708
5106.17,4812.788499999998,5051.328264656968,293.382,5.746,0.765,434.934,54.842,1.074,0.784,416.708
260.0,236.45,208.0853549567088,23.55,9.058,0.765,434.934,51.915,19.967,0.784,416.708
240.0,240.2,226.7872573360853,0.2,0.083,0.765,434.934,13.213,5.505,0.784,416.708
520.0,1148.6717999999998,1235.4321748522364,628.672,120.898,0.765,434.934,715.432,137.583,0.784,416.708
1549.0,1878.2377,1918.1710788466844,329.238,21.255,0.765,434.934,369.171,23.833,0.784,416.708
3610.94,3135.423300000001,3224.649819471498,475.517,13.169,0.765,434.934,386.29,10.698,0.784,416.708
640.6,679.6894,624.378570999013,39.089,6.102,0.765,434.934,16.221,2.532,0.784,416.708
1216.0,1235.4418999999998,1327.2549729100665,19.442,1.599,0.765,434.934,111.255,9.149,0.784,416.708
1208.14,1081.2595999999996,1074.105518924412,126.88,10.502,0.765,434.934,134.034,11.094,0.784,416.708
1059.5,2325.3183000000004,1890.337145362173,1265.818,119.473,0.765,434.934,830.837,78.418,0.784,416.708
905.0,953.3827,967.257646494654,48.383,5.346,0.765,434.934,62.258,6.879,0.784,416.708
767.0,788.6153999999998,803.9594359098036,21.615,2.818,0.765,434.934,36.959,4.819,0.784,416.708
495.0,461.2,418.4010615416653,33.8,6.828,0.765,434.934,76.599,15.475,0.784,416.708
895.0,1002.7361,987.161561022456,107.736,12.038,0.765,434.934,92.162,10.297,0.784,416.708
739.99,794.5098999999999,797.0904312380417,54.52,7.368,0.765,434.934,57.1,7.716,0.784,416.708
1491.0,1371.2115000000003,1360.2963448749936,119.788,8.034,0.765,434.934,130.704,8.766,0.784,416.708
520.0,559.3548999999999,561.0379391522395,39.355,7.568,0.765,434.934,41.038,7.892,0.784,416.708
698.47,707.3768000000003,688.2966826918015,8.907,1.275,0.765,434.934,10.173,1.456,0.784,416.708
520.0,549.6734,528.113558832006,29.673,5.706,0.765,434.934,8.114,1.56,0.784,416.708
1570.4,1590.2113999999983,1551.5420873034327,19.811,1.262,0.765,434.934,18.858,1.201,0.784,416.708
2495.0,2219.0855,2429.7589970914555,275.914,11.059,0.765,434.934,65.241,2.615,0.784,416.708
520.0,532.6024,502.1402958637673,12.602,2.423,0.765,434.934,17.86,3.435,0.784,416.708
531.0,523.6335,507.7833720123066,7.366,1.387,0.765,434.934,23.217,4.372,0.784,416.708
495.0,488.038,430.7837894810313,6.962,1.406,0.765,434.934,64.216,12.973,0.784,416.708
260.0,257.2,248.0745349924279,2.8,1.077,0.765,434.934,11.925,4.587,0.784,416.708
990.0,1438.9574,1386.528706908048,448.957,45.349,0.765,434.934,396.529,40.053,0.784,416.708
1410.0,1264.7473000000005,1196.7489304597625,145.253,10.302,0.765,434.934,213.251,15.124,0.784,416.708
1153.0,1068.9381,1143.0987839727404,84.062,7.291,0.765,434.934,9.901,0.859,0.784,416.708
1749.0,1605.3216,1688.3001531780749,143.678,8.215,0.765,434.934,60.7,3.471,0.784,416.708
495.0,536.785,511.1558021550127,41.785,8.441,0.765,434.934,16.156,3.264,0.784,416.708
1819.85,1482.9515999999994,1573.777677979253,336.898,18.512,0.765,434.934,246.072,13.522,0.784,416.708
240.0,349.1558,322.80340364122856,109.156,45.482,0.765,434.934,82.803,34.501,0.784,416.708
805.5,814.9526000000002,838.8327386244904,9.453,1.174,0.765,434.934,33.333,4.138,0.784,416.708
1216.0,626.51,666.5136103617874,589.49,48.478,0.765,434.934,549.486,45.188,0.784,416.708
1695.0,1583.1928,1558.3528940897572,111.807,6.596,0.765,434.934,136.647,8.062,0.784,416.708
820.0,760.7470000000001,741.8536189120193,59.253,7.226,0.765,434.934,78.146,9.53,0.784,416.708
1970.06,1971.4008999999992,2001.0655649086088,1.341,0.068,0.765,434.934,31.006,1.574,0.784,416.708
1472.0,1419.8857,1519.7612843023971,52.114,3.54,0.765,434.934,47.761,3.245,0.784,416.708
0.0,917.8281999999998,989.4651418661552,917.828,inf,0.765,434.934,989.465,inf,0.784,416.708
895.0,973.8646000000002,990.1360951109408,78.865,8.812,0.765,434.934,95.136,10.63,0.784,416.708
688.4300000000001,686.0026999999999,723.9389536900527,2.427,0.353,0.765,434.934,35.509,5.158,0.784,416.708
520.0,483.6611,460.57812018015625,36.339,6.988,0.765,434.934,59.422,11.427,0.784,416.708
1390.0,1407.5687,1388.2054436802714,17.569,1.264,0.765,434.934,1.795,0.129,0.784,416.708
1170.0,1018.325,1055.8511762466708,151.675,12.964,0.765,434.934,114.149,9.756,0.784,416.708
945.0,910.1464,922.7154310559854,34.854,3.688,0.765,434.934,22.285,2.358,0.784,416.708
2344.2200000000003,1889.4134,2056.323383168911,454.807,19.401,0.765,434.934,287.897,12.281,0.784,416.708
240.0,240.0,212.1776198945101,0.0,0.0,0.765,434.934,27.822,11.592,0.784,416.708
814.0,719.5854,707.7851605445843,94.415,11.599,0.765,434.934,106.215,13.049,0.784,416.708
260.0,257.42,240.57684356592333,2.58,0.992,0.765,434.934,19.423,7.47,0.784,416.708
800.05,769.8008000000008,699.6494033684343,30.249,3.781,0.765,434.934,100.401,12.549,0.784,416.708
624.0,713.8631000000001,700.908914503805,89.863,14.401,0.765,434.934,76.909,12.325,0.784,416.708
285.0,271.124,253.50787804557237,13.876,4.869,0.765,434.934,31.492,11.05,0.784,416.708
1546.7,1544.3294000000003,1552.2668508056377,2.371,0.153,0.765,434.934,5.567,0.36,0.784,416.708
943.9,966.1866999999996,1019.6017968686526,22.287,2.361,0.765,434.934,75.702,8.02,0.784,416.708
890.0,873.6734999999999,872.4348656008965,16.327,1.834,0.765,434.934,17.565,1.974,0.784,416.708
1260.0,1152.5654000000002,1096.5449369567305,107.435,8.527,0.765,434.934,163.455,12.973,0.784,416.708
892.0,875.1612000000002,893.9453613225946,16.839,1.888,0.765,434.934,1.945,0.218,0.784,416.708
704.0,717.9730999999999,733.5477499284317,13.973,1.985,0.765,434.934,29.548,4.197,0.784,416.708
260.0,261.7878,247.44871752589196,1.788,0.688,0.765,434.934,12.551,4.827,0.784,416.708
784.44,461.20360000000016,519.5226114787921,323.236,41.206,0.765,434.934,264.917,33.771,0.784,416.708
1860.0,1629.7933000000007,1810.8546936852836,230.207,12.377,0.765,434.934,49.145,2.642,0.784,416.708
1290.0,1240.9271,1244.093534916562,49.073,3.804,0.765,434.934,45.906,3.559,0.784,416.708
1720.0,1481.9835,1473.6881354238296,238.016,13.838,0.765,434.934,246.312,14.32,0.784,416.708
1647.5700000000002,1115.6107000000006,1236.9946922618667,531.959,32.287,0.765,434.934,410.575,24.92,0.784,416.708
524.6,507.43699999999984,489.9898181655482,17.163,3.272,0.765,434.934,34.61,6.597,0.784,416.708
726.0,671.9408999999999,652.3208996842511,54.059,7.446,0.765,434.934,73.679,10.149,0.784,416.708
2823.0,2535.9570000000003,2496.485543666879,287.043,10.168,0.765,434.934,326.514,11.566,0.784,416.708
570.0,604.7294,585.3052583405239,34.729,6.093,0.765,434.934,15.305,2.685,0.784,416.708
520.0,519.05,491.26081858177326,0.95,0.183,0.765,434.934,28.739,5.527,0.784,416.708
1860.0,1733.1888000000006,1910.793423491757,126.811,6.818,0.765,434.934,50.793,2.731,0.784,416.708
360.0,549.6758,539.1390917294341,189.676,52.688,0.765,434.934,179.139,49.761,0.784,416.708
2153.46,2181.9489,2386.092146427359,28.489,1.323,0.765,434.934,232.632,10.803,0.784,416.708
6976.96,6937.390399999998,6886.714470331075,39.57,0.567,0.765,434.934,90.246,1.293,0.784,416.708
1074.0,1004.5530000000002,1045.9062522296,69.447,6.466,0.765,434.934,28.094,2.616,0.784,416.708
240.0,240.039,193.58266496211803,0.039,0.016,0.765,434.934,46.417,19.34,0.784,416.708
1010.0,971.8401999999998,984.3641004065848,38.16,3.778,0.765,434.934,25.636,2.538,0.784,416.708
977.02,961.0405000000004,965.73653340743,15.979,1.635,0.765,434.934,11.283,1.155,0.784,416.708
520.0,531.6864,519.3481217303477,11.686,2.247,0.765,434.934,0.652,0.125,0.784,416.708
2000.0,1830.669,1807.094042581642,169.331,8.467,0.765,434.934,192.906,9.645,0.784,416.708
745.0,752.3934000000002,748.9844753495966,7.393,0.992,0.765,434.934,3.984,0.535,0.784,416.708
1875.0,1530.5846,1567.4592742233465,344.415,18.369,0.765,434.934,307.541,16.402,0.784,416.708
524.25,592.0105,544.539845425196,67.76,12.925,0.765,434.934,20.29,3.87,0.784,416.708
1290.0,1235.9491999999998,1241.5081705796229,54.051,4.19,0.765,434.934,48.492,3.759,0.784,416.708
240.0,236.087,203.4157353223497,3.913,1.63,0.765,434.934,36.584,15.243,0.784,416.708
915.43,909.829699999999,906.2655853473552,5.6,0.612,0.765,434.934,9.164,1.001,0.784,416.708
1210.0,2390.055900000001,2633.2507757598537,1180.056,97.525,0.765,434.934,1423.251,117.624,0.784,416.708
682.0699999999999,671.9169999999999,657.3397477907808,10.153,1.489,0.765,434.934,24.73,3.626,0.784,416.708
978.4,978.6338999999992,991.7894612129276,0.234,0.024,0.765,434.934,13.389,1.368,0.784,416.708
495.0,562.4180000000001,440.1944843002781,67.418,13.62,0.765,434.934,54.806,11.072,0.784,416.708
495.0,615.4820000000001,588.6922337317991,120.482,24.34,0.765,434.934,93.692,18.928,0.784,416.708
1740.0,1680.15,1704.9786153909708,59.85,3.44,0.765,434.934,35.021,2.013,0.784,416.708
0.0,831.5872000000002,846.8315870267904,831.587,inf,0.765,434.934,846.832,inf,0.784,416.708
520.0,664.068,592.1067276375795,144.068,27.705,0.765,434.934,72.107,13.867,0.784,416.708
240.0,233.2,230.8507084314461,6.8,2.833,0.765,434.934,9.149,3.812,0.784,416.708
895.0,896.8975,888.8066082426874,1.898,0.212,0.765,434.934,6.193,0.692,0.784,416.708
903.55,1159.8528000000008,1281.6167337350246,256.303,28.366,0.765,434.934,378.067,41.842,0.784,416.708
840.0,975.3571,941.194424567048,135.357,16.114,0.765,434.934,101.194,12.047,0.784,416.708
988.0,996.8806,1019.5382029158897,8.881,0.899,0.765,434.934,31.538,3.192,0.784,416.708
920.0,892.9812000000001,892.7755695581061,27.019,2.937,0.765,434.934,27.224,2.959,0.784,416.708
448.0,455.5860999999999,444.9368797059535,7.586,1.693,0.765,434.934,3.063,0.684,0.784,416.708
1020.0,1028.0513,1049.5266539476695,8.051,0.789,0.765,434.934,29.527,2.895,0.784,416.708
524.25,529.3565,518.3975248289528,5.106,0.974,0.765,434.934,5.852,1.116,0.784,416.708
1143.0,1043.3959999999995,974.3678268889269,99.604,8.714,0.765,434.934,168.632,14.753,0.784,416.708
520.0,490.44229999999993,452.7631438060183,29.558,5.684,0.765,434.934,67.237,12.93,0.784,416.708
895.0,896.3036,859.4671096705838,1.304,0.146,0.765,434.934,35.533,3.97,0.784,416.708
965.0,919.5395,897.698891012941,45.461,4.711,0.765,434.934,67.301,6.974,0.784,416.708
5880.02,4199.8945,4433.016402370383,1680.126,28.573,0.765,434.934,1447.004,24.609,0.784,416.708
