Actual,RandomForest_Predicted,Stacking_Predicted
531.0,406.65759999999995,405.2864036805514
905.0,972.8901,974.4575208795802
840.0,841.1,833.876798421207
1025.0,977.2428,1008.965649676577
1005.0,468.0311,417.2348928766884
3248.7,2689.6085000000007,2615.8233879535974
2739.38,2342.135400000002,2348.7789282126187
4280.0,268.3810000000001,804.5524336084013
1110.0,1135.1933999999999,1132.3592504776088
538.5,835.0731000000001,892.549605374737
884.5,891.1985999999997,893.066543706479
0.0,523.6711,506.9850416372534
4346.83,4735.354600000002,5514.818906965735
1984.0,1877.2987999999998,1951.258247243883
1781.46,1675.7248999999997,1617.007463920079
1270.0,1071.8850999999997,1129.4298552463235
1558.75,1478.2258,1554.2782232966679
640.0,1157.0430000000001,1224.7607304067838
1257.6,1235.9475000000011,1165.9072947947056
1265.0,1412.1238,1543.5222699302399
1114.6,852.8716,825.1759811890801
1260.0,1440.2665000000002,1474.9753711654785
620.0,609.8544,591.2652408251051
795.0,868.4071,875.3516879713095
973.12,944.3826999999999,944.8395852211586
1570.0,1424.3260999999998,1500.2502434258681
1701.22,1446.8976000000005,1356.057454002269
1879.25,2658.8720999999996,2563.235732734105
520.0,406.03,405.3756433296876
1924.2,1554.6125999999997,1575.3758031411505
1088.64,1070.2458000000006,1081.79257856027
660.0,637.0999999999999,610.6488372989023
260.0,246.8,222.3760072318749
720.0,692.0269999999999,602.4538995222135
836.0,859.3809000000006,863.1119118056783
4280.0,266.89200000000005,830.0256212413027
496.66,563.5790000000004,602.8309834201509
1335.0,1342.2558,1414.2190999708996
495.0,562.9033999999999,503.6482555487436
1252.0,1099.9855999999993,1213.465343927774
1605.55,1441.9374999999998,1585.8950029440962
895.0,898.438,903.6742424518125
880.0,884.6042,888.5252126693554
1009.0,1000.6318999999999,1018.3569762950017
495.0,556.0938,514.8223037170773
950.0,933.8648000000001,955.2520845261913
240.0,237.6,209.40983447890602
495.0,491.83279999999996,472.53789128042456
840.0,844.7123000000001,831.4533187547518
950.0,923.5654000000004,905.5310961755481
1652.37,1209.9484000000002,1390.3066891647138
2495.0,2091.3575,2133.1807894559215
906.0,1252.0394000000001,1148.6409215488122
935.3,846.6256000000008,895.9644833413192
1114.6,1108.468,1131.6892031347566
620.94,646.4827000000007,607.4835723051383
1540.0,1362.3966999999998,1477.8194374345658
1860.0,1775.4497000000006,1928.4849439207305
4034.0,2458.6398,2686.487512427347
520.0,497.35,475.6374956769513
870.0,912.2905000000003,892.2785715944133
1730.29,1636.9181999999994,1617.8986610051165
1170.0,948.8803999999999,877.2248468975647
990.0,999.3567999999999,1019.2225104172908
270.0,273.9178000000001,258.57378047639145
844.0,882.2369000000002,899.6098845853005
525.25,523.9706000000001,501.9599693296625
1378.0,1255.3518999999997,1300.02248166385
780.0,476.1240000000001,437.29306854174126
2290.0,2440.5674000000013,2613.177411446722
977.02,966.7790000000003,953.3099339180947
240.0,240.2,187.56805993559527
240.0,385.18739999999997,331.7677367600262
520.0,532.7176000000001,494.22192661459724
895.0,913.4256,901.486939332307
5118.09,4186.580900000006,4681.472035355086
1010.0,1044.1095000000005,1093.1404888965544
1340.29,1200.3480000000006,1265.143583800844
260.0,250.1,247.60137288394708
2494.0,2037.7898000000007,2003.0878763504056
1015.2,973.222199999999,992.7640493984234
495.0,1200.7282,1211.4809992630126
990.0,700.59,741.9357090644644
984.0,929.5117000000001,925.4082424247442
1707.0,1540.8827,1498.2861152739142
495.0,520.4606,459.6025686402754
260.0,290.9164,267.9662110043515
1866.0,1700.1762000000008,1791.4253458348678
1045.0,1102.5858,1097.0753179401543
520.0,531.85,490.8734844375905
520.0,508.65,477.1390919269601
4294.64,4343.4155000000055,4367.806854007929
865.0,868.6623000000001,849.1401076385619
800.4,910.6275999999995,891.2022763472607
892.0,886.2919000000002,905.5546146589061
834.35,826.6110000000004,842.6591533609346
1170.0,1120.6440999999995,1124.5447012358557
895.0,869.0701999999999,850.9234304634036
520.0,519.25,484.36525897913714
3726.57,3572.442000000004,3557.7386556535607
240.0,237.6,224.40585587622024
682.0699999999999,712.9196000000001,704.7908736533428
895.0,975.1148,955.8010882060116
2840.0,2800.8418000000006,2929.038126957906
0.0,1672.0571000000004,1618.423402442499
903.55,1109.968300000001,1236.8253679004147
995.0,973.5145999999997,1000.2191269786679
2235.0,2229.058,2463.098942443875
1195.0,1368.3809999999999,1511.9791331776094
1808.0,1645.4250999999995,1594.4690279081801
840.0,834.9733999999999,816.3353117278375
840.0,1240.8641000000002,1214.6756678430845
260.0,247.01,224.73594003067535
1570.0,1524.2872,1600.9168155892824
2279.0,2132.8609999999985,2225.10254240485
840.0,867.2537,886.2389826701224
260.0,260.1,251.98962048518104
1054.28,965.3541999999994,1082.272976957742
807.0,863.7220000000001,851.4791127492581
1006.74,980.8753000000003,981.9785806617281
320.0,381.7736000000001,770.3560764713312
575.0,607.4515000000001,573.7458497643966
753.5,717.4284999999999,706.4937519814088
260.0,255.05,272.29471185012846
690.0,1009.7147,1230.2108857301591
1133.63,1119.3745,1131.4114871659276
999.03,801.1027999999999,760.8363875863372
421.99,479.1243999999999,464.404832966948
923.05,904.6088000000004,945.7868983017265
4755.0,4678.3,4740.793156901312
1182.13,1119.198800000001,1094.1225046440647
1165.0,1064.9049,1100.606797932119
0.0,1340.1097999999997,1414.2850415467049
520.0,523.3025,489.84601635727654
1320.0,1235.3787000000004,1230.3987846603675
650.0,703.55,761.6428891352318
1324.24,1219.2976999999994,1260.5317856524268
4415.0,4377.3829000000005,4165.330579546313
260.0,260.0,234.33664111180138
495.0,554.2105,532.9781472050554
895.0,890.3641,868.0657095650023
520.0,480.25800000000004,466.42098162397167
1002.97,1059.0228,988.6067822000919
753.5,745.8458,733.77229336927
912.0,907.9651000000001,907.6086847951724
2120.0,1993.6508999999999,1987.6296398796776
1125.0,1103.7845000000002,1084.4091636543787
4280.0,268.81600000000003,830.8188406623067
1020.0,1154.7806,1156.9870538800146
1855.03,1710.8837999999998,1713.862053144296
808.0,847.3303999999999,874.0764594993577
495.0,509.769,481.1460885749767
1595.0,1695.0558000000008,1736.9194811363154
1000.0,943.2811999999999,966.7074614437745
840.0,896.0907,887.0062902604741
808.2,899.7441000000003,906.0895579646974
914.0,997.4855999999999,941.0256674014483
575.0,605.3485,587.9589796360881
520.0,522.5,494.35450193246004
950.0,993.3350999999999,1064.1929379401568
1400.9,1408.2996999999982,1426.643697023747
0.0,750.0628000000003,680.3916819949981
690.0,740.3947999999998,743.194884460319
1018.0,883.3627000000001,984.8930227699518
740.0,692.7312999999999,650.9721498963411
895.0,902.3748999999999,894.7999081287912
895.0,794.3864,778.8472587667162
0.0,238.0,215.994869069397
2086.85,2135.6866000000014,2188.4302383232243
925.0,891.3000999999999,945.058170812385
2733.0,3712.0068,3643.793838875067
1868.49,1753.2754999999995,1756.5085022656613
982.0,937.5676000000001,910.4986737238003
836.0,861.7710000000002,864.9320685831381
455.0,455.577,426.9319771101044
1829.2,1746.7857000000006,1852.8927587242767
807.0,857.8366000000002,855.6123343047389
2170.0,2162.708699999999,2400.9433078715224
1491.0,1186.8370000000002,1206.424943265454
621.0,622.4812000000001,583.1440097753882
1796.0,1045.9327,1038.294213135228
1330.0,1338.9847,1397.2038703963692
260.0,257.5,216.9588228748667
1311.0,1244.477,1290.9203555036197
1597.0,2018.8783000000005,2018.3024632860715
995.0,1342.5720000000001,1403.586651139908
682.0699999999999,706.6545,694.5625238152812
279.99,465.8650999999999,429.6416522033785
2990.0,2109.8458,2231.229445488483
960.0,7645.418400000011,7712.667949590885
895.0,900.5311999999999,881.8879248637186
1295.0,1568.9884999999997,1573.217116716802
1101.0,1076.8400000000001,1107.6832841143405
240.0,240.2,208.86518578331675
677.0,680.7896999999998,637.0724848397281
731.0,747.2529999999999,753.8502059952955
1390.0,1394.7434,1431.4988595269754
4346.83,4751.684500000002,5525.498653873898
240.0,240.0,217.57363620923655
1348.25,1320.7346999999997,1321.140058427379
520.0,641.5409999999999,614.7132844125907
1320.0,1006.4249000000001,1129.8083877213983
0.0,910.8146,865.3274109318774
916.0,876.6768000000002,857.8736414697696
1301.0,1248.8515,1274.6660604065146
840.0,822.1698000000001,816.1057447605278
975.0,977.2366999999998,916.363018931336
728.0,725.704,680.9469841781164
1287.8,1220.1746000000003,1271.2863541719792
2008.0,1512.979,1613.4784211193273
520.0,517.852,480.6016756694146
1110.0,1418.2119000000002,1502.8730705706546
520.0,518.75,487.4696026962208
811.0,894.6984000000001,807.8476881451319
1829.2,1812.4818000000012,1911.4553119141688
836.85,861.6953000000005,952.7319211295371
895.0,935.5829000000001,921.5665131679232
992.2,482.05379999999985,448.3914533541787
1622.24,1563.5714,1532.5893410562205
895.0,919.1909999999999,898.2502408071452
800.05,798.9331000000004,748.6248094304553
1472.0,1397.9490000000003,1501.4566929670436
1239.0,1274.0240999999999,1330.4485253391183
2640.2,2509.6686000000036,2678.911260408584
1701.22,1592.1090000000002,1469.2702869028558
1540.0,1442.4379000000001,1531.1714101317955
570.0,650.1166999999999,649.6608650605505
628.0,495.0589,474.8560216110176
1781.46,1680.5448999999996,1625.7645691444884
1165.0,998.0040999999998,1025.1634227637187
1570.0,1510.461,1565.4823631082036
1216.0,1324.4574000000002,1340.0954035870045
1370.0,1347.4588,1356.856803375086
1044.5,1017.5483,1063.7280911330934
895.0,1300.2125000000003,1288.352568389757
5165.7,5065.632000000006,5323.13468298331
240.0,252.0,227.0571743163527
2168.0,2034.1436,2014.7432611300146
1253.0,1271.7960999999998,1521.9761340180605
1500.0,1750.2366,1892.9747068311237
1390.0,1394.6059999999998,1485.079069372372
412.5,449.6346,435.47644271757963
520.0,549.2211,492.5786154307127
895.0,911.5905,894.4497954132539
975.0,1191.5748999999998,1256.318282160595
1175.0,1005.3604999999998,1059.5701982017545
0.0,1607.7817000000002,1548.4341244965058
1795.95,1571.6424000000002,1607.843709624392
1000.0,1048.1445999999996,1055.9555957661792
1024.0,1415.7884,1578.6818048966695
919.5,976.8412,1007.0449446391319
910.0,991.4107999999999,1052.1728406688455
840.0,839.8895,851.515152278956
1314.1,1174.4974000000004,1219.57991268498
2020.0,516.8,460.26253641295875
240.0,241.45,197.16161544171928
1850.23,1663.4850000000008,1854.7871529005258
0.0,1721.7452000000003,1853.7640903003148
355.0,498.5404999999999,560.7756461488268
260.0,318.2170000000001,320.6295366143895
495.0,476.18330000000003,422.07817656121813
870.0,878.8705000000002,957.0769154536843
520.0,504.9243,494.55536493144336
495.0,653.9204000000002,625.8741024230837
240.0,255.87,240.80223084345653
265.0,235.6120000000001,225.98734873852567
565.0,563.3519999999999,524.783449679352
927.56,915.2100999999997,910.9851779381954
727.8,916.5831999999996,883.1703894260124
1895.0,1604.328,1754.3805325184803
3320.0,2830.6037,2762.541909786242
1605.55,1460.6271999999992,1589.7357313686273
0.0,698.6013,660.4502587825891
1167.0,1182.1612,1291.820560711533
740.0,697.2093,714.8775703788936
1911.99,1806.8222000000003,1838.8189703308367
2988.6,2853.164800000001,2874.858231268616
3417.06,3022.7943999999984,3020.0286911033404
800.0,631.1478,646.2518870519938
808.2,908.2278000000002,932.577442063475
3417.06,3040.541999999999,3076.09282157384
1429.32,1278.3974000000019,1257.3146744574265
1020.0,1013.9894,1006.6680607837543
2195.0,2014.9792000000002,2068.255833923421
800.0,792.4232,783.461766724128
840.0,879.1478999999998,894.3207926925559
291.02,356.1491999999998,322.43705177225706
1360.0,1333.4465999999998,1335.9654512254262
520.0,520.85,506.02303999876017
240.0,259.08279999999996,251.81303196262132
640.0,1156.5513,1207.6513855405135
290.0,290.91720000000004,266.9291730019014
727.0,799.543,816.4366737539177
1006.74,983.3199,985.9217957652704
2140.0,2014.2158000000002,1962.9361609756706
1381.8,1370.2243000000005,1371.1166114047237
1307.14,1183.5895999999998,1221.022880056698
720.0,716.2254,699.891269773236
639.99,549.6581000000001,557.0193118502041
410.0,969.6795000000001,945.2983619981931
950.0,972.9626999999999,1039.2019693991
495.0,501.4281,461.69176441325965
1468.0,1402.2876999999999,1445.6087840369541
495.0,507.7878,463.7819242497591
978.4,980.971099999999,992.4179644544911
838.6,767.8879000000001,777.6735819105425
2502.6,2446.0191000000023,2597.838676707405
890.0,999.4688000000001,985.3571828630554
1195.0,1347.2703,1437.501903383231
2988.6,2916.3460999999998,2936.0392647041645
845.0,972.9877000000001,917.5499234505462
260.0,239.21,220.92748722556382
1395.0,1280.994,1341.8073341080894
945.0,1100.2651000000003,1075.3555450679578
260.0,322.51740000000007,279.8031102321013
448.0,450.5221999999999,446.08902870395605
4776.969999999999,4704.3670999999895,4603.7752616368425
2460.0,1913.7760999999998,1903.2322004164266
3188.79,2812.1100000000006,2876.2340384419454
0.0,995.1403999999995,1111.6982510527366
1390.0,1396.7228,1425.4283216952253
1070.0,1085.6698,1099.803649359428
2061.91,1999.6282000000012,2105.7862081151516
2502.6,2377.8562000000015,2548.0509352797844
720.0,519.25,484.1259595934323
240.0,240.3,193.58286796896311
538.5,886.5049,920.461865208116
260.0,252.0,246.36533840055597
520.0,1127.3588,1232.4710258210735
1996.0,1883.0668000000007,1966.762116525119
790.0,764.5559999999998,740.3748206128765
758.0,702.7617999999999,708.9838165687172
1335.0,1063.529,1195.5452754745006
520.0,517.05,486.4111409881582
1740.0,1657.1889999999999,1703.1983081775666
3486.9700000000003,2395.994500000001,2457.5596425057097
1235.0,1272.5359000000003,1403.99209824707
520.0,502.68449999999996,481.4785307200568
640.0,612.6589,604.8814260529853
495.0,508.32059999999996,483.67136181168723
2570.0,2631.9649,2973.16249495298
995.0,914.2168999999998,956.5102149355394
495.0,539.2468,478.02623025222704
495.0,479.3527999999999,449.4166091917167
1110.0,1140.0138,1103.6154787057137
2570.0,2647.1120000000005,2974.9096926307493
520.0,1145.9524,1236.4111994967393
2771.0,2445.5163000000002,2462.5698774696466
2390.0,2089.3758000000003,2253.962708810718
1454.3,1108.4027000000008,1267.9684441225563
1060.0,1102.3799999999999,1079.4832382694758
895.0,912.7165,880.8087433616895
240.0,240.03900000000002,197.50188703356923
1470.0,916.0784,1083.8623971420086
845.0,790.5773999999999,767.2143783158481
1341.0,1135.2112000000004,1218.0433429406735
895.0,920.4644000000001,911.4689100936434
0.0,233.6,216.2636002186813
2045.0,1612.9886,1698.801672761906
261.0,259.89,229.81319019544446
2170.0,1320.8457,1631.5174930130584
1100.03,1109.3636999999994,1154.354388794466
3420.92,3415.794400000001,3522.332232511136
1995.3,1722.1252999999995,1755.1200845084948
240.0,346.324,321.5936106033909
2125.0,2464.5946999999996,2674.5910802069643
1775.0,1554.3487999999998,1589.578357901307
2195.0,1655.9233000000002,1622.2747643152543
1625.0,1539.0525000000002,1498.4629846182515
520.0,519.75,468.71362575066723
570.0,513.2992999999999,502.6745372365908
913.6,939.9074,1005.2599254564966
1876.86,1972.8211,2070.3162818184123
895.0,1259.0263000000004,1212.030863043342
1117.5,1108.0998000000002,1115.7829723583902
260.0,261.672,230.5017826673311
1255.23,1193.3780999999992,1192.8027596961651
272.12,347.80069999999995,332.70124400353495
2215.0,1762.6965000000002,1849.98960728217
1443.21,730.5723999999999,914.4120602015284
1374.4,905.1239,920.6469343316928
892.0,883.6026000000003,904.9965827758497
1818.94,1834.4118000000017,2001.2498293590197
1600.0,1372.1937000000003,1326.9474348073713
1125.0,1124.5364,1191.7149991426309
1390.0,1416.3312999999998,1469.0075782030779
815.0,767.0160000000001,742.0540953331084
895.0,891.4207000000001,887.5084035244731
745.0,760.35,753.847675946765
1181.0,1215.0680000000002,1248.2443297369327
1088.64,1088.2462,1116.099672521745
1182.13,1111.9857000000009,1127.7426623456124
1181.0,1138.2427,1191.0294840272084
2266.0,1890.7305,1982.654928691933
758.0,700.921,693.1248054318975
795.0,831.7931999999997,805.3112374112101
534.0,437.9539999999999,446.15552138649696
1854.0,1609.1524999999997,1631.8705962976903
260.0,239.33900000000003,235.18226929679997
795.0,792.8352,708.676214423156
495.0,592.7569,492.4717406214211
628.0,658.1298999999999,684.2625160885452
958.9,876.064,897.255667257898
1010.0,1169.8543,1184.6214468114194
720.0,649.908,584.2696304365908
260.0,259.81,246.39516943138722
644.75,715.6640000000001,723.221619820155
3120.0,2702.5926,2688.291678751077
1286.92,1293.6232999999995,1301.2555861821984
2640.2,2320.2398000000026,2539.669615351726
0.0,1047.770300000001,1074.8766877958753
895.0,896.6894,886.3697522443758
988.0,1143.3776000000003,1093.4986862885737
1253.0,1282.3138000000001,1537.5453299804487
260.0,257.11,255.01984379495906
520.0,524.34,505.87305763315555
0.0,1032.6519,1088.1688255936367
275.0,390.4070000000001,388.9542305579455
1615.0,1558.8340999999998,1556.6666573587358
545.2,583.6670999999994,651.5837160991358
1980.0,1918.3255999999997,1851.4194582195748
2286.96,2265.0087999999987,2252.904960263325
840.0,871.8960000000001,848.6794036488033
1417.04,1355.678199999998,1398.3646592858781
2557.0,2557.740599999999,2706.0238488838245
1735.0,1565.5454,1557.8417423908822
2000.0,1669.8521000000003,1684.0300548501798
1695.0,1742.7774000000002,1769.4587240088692
1074.35,1093.4101000000003,1139.936615221517
1165.0,1097.1785,1115.1977890860644
545.2,630.2440999999997,677.6111980999773
1340.29,1296.2147999999993,1348.8974186596438
992.2,956.921199999999,885.1782903767692
3726.57,3544.481300000005,3528.306705561847
564.9,579.6407000000006,571.7710757674652
240.0,202.078,182.3941602938575
820.0,853.9323999999999,847.3188648861828
2000.0,1647.5198999999996,1681.5881428114142
260.0,257.2,241.10464434957385
3325.0,3167.8757000000005,3331.610392422246
988.0,1016.4339000000001,989.4202080555528
1327.99,1264.3132,1294.88436839865
840.0,840.5928,786.8235933826982
1114.6,1087.0315,1115.5417643723363
240.0,204.465,168.947098644586
616.76,550.8678000000001,570.8839830082076
1032.0,1063.0588000000002,1085.2885082765727
1090.0,1239.6133000000002,1119.2129572109602
1020.0,971.4773,904.229255870946
660.0,636.0991999999999,590.9789592540546
1039.7,1063.0612999999992,1074.3003311158527
240.0,240.0,210.18247583990228
1005.0,943.6374999999998,911.9252206364879
1395.25,1326.9784,1357.7271883434519
349.0,256.2296000000001,259.2999807811231
2544.0,2279.1101,2472.7490030119625
1358.3,1258.8302000000006,1342.4318628644587
1411.25,1407.3192999999999,1481.5810338220742
520.0,535.0525,505.3251654676304
567.5,691.302,672.5830690741092
1443.21,1031.7053000000008,1155.4864620317476
1165.0,1237.3572,1275.687376086803
2500.0,2463.7194,2458.765243389776
520.0,513.699,503.5319666135856
1381.8,1322.6570000000004,1345.4596225463542
960.0,1039.2999,939.9325142182242
1355.0,1437.2583,1446.1210428498675
2865.0,2460.7969,2381.2470665796372
0.0,1564.9285,1586.4486748639044
3590.0,3423.236,3390.5533978097033
1090.0,1225.9249000000007,1089.5698560179314
597.19,568.1832000000004,547.1330795950694
845.0,871.7468000000002,872.2859928120348
1316.88,1208.7370000000005,1263.2288769058912
1473.6,1458.900300000001,1640.8126193766132
1275.0,1243.7851999999998,1234.7611335392362
1750.0,1960.6599999999996,2079.267827528695
495.0,512.7248999999999,451.46357454269594
240.0,240.03900000000002,188.12172069467522
840.0,859.0092999999999,846.7363258804072
1804.35,1675.1226000000013,1761.9091826041513
2944.63,2832.7319000000016,3246.4524843461595
1110.0,1404.5274,1513.1780940759706
895.0,902.9179999999999,897.0298229809571
1145.0,1112.0049,1125.2034610908106
1845.0,1849.7970000000005,1916.4653023208266
1922.01,1350.333,1419.766881602105
1135.0,1176.8809,1222.562431166897
3650.0,3260.074,3258.3829651692113
1410.0,1546.5528999999997,1593.2692522769114
1700.0,1534.1154000000001,1584.0775614496629
1025.0,1924.9551000000004,1986.219879011619
1245.0,1116.9001000000003,1149.8253803316059
575.0,606.6107000000001,585.7956078292505
1301.0,1271.3425,1291.0015979683815
1470.87,1424.8757999999996,1535.7423338379845
1520.0,1427.8056000000006,1382.9217643798245
1080.0,1081.4100999999998,1068.5319532001135
895.0,912.539,912.3489138758498
1084.16,1028.5344000000007,1041.1314680494522
645.98,633.5196000000005,632.7855073143086
3417.06,3002.214699999999,3041.4033653831816
1529.0,1517.7904999999998,1558.0164762449244
730.0,747.3188999999999,726.0306664853828
1566.17,1469.1905000000002,1521.8685096150004
1295.0,1290.7995999999996,1299.0555241543768
2170.0,1481.9588999999999,1756.4392407864243
1260.0,1341.1875,1387.4960728567114
900.0,871.0032000000002,862.5499656485572
895.0,1166.5417,1369.1696155727002
706.0,786.7099,780.2608324624331
520.0,509.7965000000001,472.94365731682865
800.0,645.7212,648.0739300212018
2308.6,1958.4462000000017,2077.2831833411224
240.0,237.8,210.4807956223059
1238.8,741.7239,852.3799657714625
1620.0,1302.0367,1438.1407392088693
240.0,233.0,198.08789084239874
1340.0,1426.3885999999998,1469.6112798565962
895.0,367.84,391.46728446818827
1120.0,1079.3647000000003,1027.331426366949
720.2,719.5859999999998,732.9996793770703
2777.5,2316.0172000000002,2515.4667415207477
1395.0,2197.5690000000004,2274.0047050294625
845.0,502.99459999999993,467.09469743323143
520.0,548.91,511.1065382207412
260.0,257.2,239.78677514119028
1487.0,1427.8836,1447.5013815205712
1510.0,1687.7035999999998,1891.6579824655612
495.0,469.18139999999994,446.05794755290526
1301.0,1309.0121000000001,1304.198039079011
1301.0,825.0109000000004,827.9492387656601
955.7,1715.7256000000002,1791.5061363158632
1260.0,1270.6449000000002,1205.2300449515624
2332.0,1896.0125,1872.7929439472648
1237.0,1154.2082999999989,1157.662194800451
2127.0,1658.4498999999998,1706.1243965223082
2295.0,2245.1681,2408.1119687801006
1324.24,1264.5160000000005,1296.4174253933522
270.0,309.68100000000004,292.6367093543759
706.0,745.6864999999999,740.6182319749522
566.11,429.6067000000001,443.9518765908697
1088.64,1104.1990000000003,1128.4919965082988
1720.0,526.7,513.6687897324468
495.0,507.5625,493.0900625312512
260.0,230.8,190.15916135734625
1195.0,1207.9560000000004,1315.7415482439203
895.0,899.9967999999999,885.7425245925328
0.0,940.2127000000004,936.6093799893274
1200.0,1267.5427,1248.5779753759703
2548.27,2334.4820999999974,2268.836985860543
1115.44,1347.2045999999996,1303.12319323939
1255.0,1144.9208000000003,1157.6905502762058
2419.84,2152.1964999999996,2183.685636943038
1105.0,1217.2576,1196.4220099711374
260.0,230.37,202.14641545359348
1969.4,2021.4360999999976,1998.2515310747044
495.0,508.35159999999996,459.32985810832747
1161.0,873.3909000000001,854.8813356429956
937.27,1058.2422000000004,1010.3244172800817
4072.0,3044.4074999999993,3199.9112587364048
846.5,764.3931,781.9006455666566
2790.0,2488.7864,2470.370814488362
1173.8,1081.8169000000007,1131.4779947432348
1381.8,1368.884000000001,1358.0291954788845
1020.0,1003.3631999999998,1006.8612653386731
1207.0,1315.9009000000003,1321.7613442229042
595.0,569.9864,539.7415615535591
731.0,744.3428,761.990934880644
895.0,904.5221999999999,902.7043242005946
1265.0,1147.1769999999997,1165.3119772920465
1371.0,1403.0123999999998,1487.8172401835943
790.0,773.9806,790.4972084016957
1025.0,989.6322999999996,988.7243930933564
725.0,902.1767000000001,905.2253840594606
1595.0,1942.027,2009.5477066740127
1204.0,1329.2889000000005,1343.892624556306
852.0,830.3282999999996,810.2629755203176
538.5,886.6635000000003,935.3170856538591
1430.0,1260.4146,1305.1038360743376
1860.0,1708.8662,1728.3297883838693
280.0,283.10300000000007,214.76942664995192
1445.0,1920.0171000000005,2151.5679971940517
795.0,763.3498,755.9110170538219
1057.76,1196.4088999999992,1138.2096093743428
495.0,499.15119999999996,443.9204296723325
616.76,604.7046,597.2633508684519
377.0,384.7002,355.25376557215435
975.0,520.9,497.37349076227133
2944.63,2750.088200000002,3185.038268599993
520.0,526.75,491.51722903385144
847.4,828.0769,799.0635470688728
895.0,928.9976000000001,917.253756112781
760.0,969.3306,1056.7208412004081
0.0,1213.9197,1217.9075666931317
1535.0,1581.6776,1704.6358423125353
2557.0,2757.7675999999988,2853.4205001931036
1051.5,1022.4085,1043.9611091097063
260.0,238.21,203.60266338646346
2235.0,2123.002,2344.717052440905
1002.97,983.6554000000001,949.805893209716
875.0,923.7328000000002,920.8922765891864
840.0,806.95,805.5978505303596
565.0,554.446,532.2810625015255
1327.99,1292.0733999999998,1302.9579406555526
495.0,528.231,465.9905398226522
1820.0,1630.6172000000004,1608.8954261346644
1410.0,1398.8382000000001,1358.2363391352667
260.0,260.0,233.82606110692092
1750.0,1962.2263999999998,2102.457787466238
734.4,1107.0464999999997,1177.1688707091528
937.27,1004.5072000000006,962.6374870604236
600.0,594.7341,558.5998915341695
906.75,890.6302000000001,871.5395138629685
945.0,973.9177999999999,992.9259415963052
745.0,771.4810999999999,737.2022757048944
1274.2,738.0114999999998,708.7052169189769
1105.0,1149.6890000000003,1185.9136057308085
728.0,725.4162,688.7418846918848
2028.48,1950.4091000000014,2057.22611309953
1695.0,1587.6953000000003,1561.0659202232741
1344.44,1266.4976999999997,1336.7689920462344
1324.24,1290.1088000000002,1298.934478617708
2045.0,1766.5175000000004,1915.6583394521722
1295.0,1284.9027999999992,1287.9645157755165
1374.4,1578.3467,1568.457142791801
520.0,613.9591,571.3074210277991
260.0,257.328,246.384711295552
1020.0,1085.5988,1133.7040975377874
520.0,516.595,468.5400343968039
901.4,969.3905999999994,995.0861479074074
681.0,743.0704,752.0780453038732
520.0,554.4364,514.1495862285582
879.0,1348.2136,1351.5878029394503
1487.0,992.7920999999997,922.4072142799357
1625.0,1545.8599000000002,1516.6038851129335
1020.0,1034.6112,1156.1947823837818
1817.0,2034.3464000000001,2188.4042205393202
1225.0,1163.7886000000003,1208.0643667835373
1624.65,595.7230999999998,641.4679747686408
992.2,981.1704999999986,917.7002553525863
1125.0,1116.9731,1122.0776863956037
1340.29,1285.0131999999996,1339.493797779762
1224.15,1210.976499999998,1374.1284450969815
830.0,816.1645,816.1056927021991
1125.0,1161.495,1196.7425356841618
574.0,492.16920000000005,521.31737792472
1930.0,1529.1256,1668.7698669939855
495.0,519.0525,498.21284299254785
1379.92,1309.5748999999998,1365.001193586137
520.0,514.14,465.01426576840754
1535.0,1665.8719000000003,1646.2416001429895
520.0,525.1912000000001,502.08936258034487
4635.2,3374.3756,3792.5312586715
5880.02,4188.910400000001,4438.523190296197
1150.0,1484.9325999999999,1560.5955956587122
1508.8,1495.2400000000002,1549.4258654143596
1895.0,1515.8041999999998,1673.5988360467616
240.0,240.187,230.52292361815415
1371.0,987.7695000000002,1076.975190115381
705.0,737.3711,725.579871146959
3165.0,2500.1300000000006,2667.7945043622467
830.0,816.2779000000003,834.1093838543549
260.0,210.2,190.5955541798558
2495.0,2249.4318999999996,2439.1145806428485
740.0,710.7036999999999,697.0759237015482
962.62,945.6989999999998,949.7657872683264
885.2,866.5838000000005,893.9875411862029
520.0,564.7396,542.6444886497532
495.0,485.6,476.2072145152092
520.0,509.1425,491.29091678669295
1263.5,900.9476000000001,853.3105198323277
495.0,628.869,575.4613667408895
1390.0,1404.9715999999999,1422.4651119074035
727.36,796.7709,755.8317809238287
1039.7,1072.0464999999995,1060.7547097571678
1370.0,1382.2140999999997,1382.6365915315562
495.0,515.7467999999999,455.26921024191824
2270.0,2510.8019999999997,2502.320862192739
1819.4,1736.3687999999993,1967.5084284112363
1221.8,850.5251000000001,854.4846445165457
1457.0,736.5530000000002,1091.630854122513
260.0,600.2189000000002,588.82746092827
6976.96,6937.390399999998,6885.008573315203
895.0,912.4998999999999,913.3360774763348
1071.0,1120.667,1073.942711363809
1694.0,1701.2912000000006,1759.5724500757685
1469.0,1436.2543999999998,1448.9869945976618
495.0,501.195,456.7514124025249
1381.8,1340.3180000000004,1357.6950656087092
0.0,2446.4682000000003,2367.6203472491334
520.0,541.35,546.2722595225505
2190.0,2383.0544000000004,2544.207792233997
495.0,495.0378,499.12570428772335
1027.7,1093.114099999999,1163.7765738909063
1200.0,1211.3039,1216.332238868663
1158.95,924.5690999999995,954.3314536034129
935.0,908.8677999999999,949.1519797048129
3434.0,2684.9477,2743.940402909933
840.0,852.2355,831.9139590666778
240.0,240.0,227.16772149287777
2640.2,2479.777800000003,2614.088584572153
2258.0,2113.5965,2222.2589145292495
1660.0,1543.6921000000002,1462.8832158526404
1939.75,2170.2124999999996,2514.9370595142655
240.0,241.861,263.1280251268217
495.0,515.3344999999998,483.36204132398655
1600.2,1290.7575,1247.014568925025
1118.32,924.783,914.721701792479
1817.0,1544.7122000000004,1813.7097818615146
1173.8,1139.003400000001,1191.837300624495
965.0,997.0445000000001,969.918760025309
575.0,594.3553000000002,549.9083572821477
1255.7,1237.5673999999997,1170.7754179767585
1390.0,1403.2991,1443.7816770945435
1388.0,1329.1322999999998,1380.5122717926527
1324.2,1705.7520000000004,1831.1386396748749
836.0,858.2942000000004,873.2836125014422
1136.5,1225.2215000000003,1298.4646743125857
4840.0,2594.972799999999,2903.382840624294
2028.48,2060.6470000000013,2132.7048251690976
895.0,996.6927,991.7589734515855
0.0,536.2316999999999,511.03432356314636
840.0,767.7155,779.9084740713557
520.0,524.63,515.6370070544317
1470.87,1411.8697999999995,1543.4663400421034
840.0,823.23,788.5964020888881
895.0,920.2411,890.4202162047382
2578.4,2613.4074999999984,2528.7069771270653
5118.09,3933.301000000005,4486.008533949191
1911.99,1875.1977,1903.436719567148
495.0,450.22,442.19610043527643
520.0,546.2372,521.0400846888356
524.25,571.9035,517.3094638722534
1216.0,1309.4519000000003,1387.2938757165284
1095.0,1261.9819,1283.4891831985635
895.0,895.3611999999999,912.8481401242038
0.0,640.2929999999999,597.0761620982337
1796.0,1850.4398999999996,1959.4799759296006
830.0,840.2964,818.8673859442723
1575.0,935.3041000000002,892.6753820544004
3325.0,3168.5833000000002,3354.9529752343874
2195.0,1881.6956000000002,1964.5576416127533
1142.3,869.7451,948.3531313734275
1524.69,1756.3526000000006,1876.2960683758258
795.0,804.5144,957.0194910857615
2196.4,1472.070399999999,1565.640775690864
945.0,1088.6725999999999,1029.1941561794947
1390.0,1396.8471,1422.4492120983393
1271.5,1199.6275999999996,1180.835066060247
895.0,857.1548999999999,853.5296700531605
1495.0,1674.5694999999998,1712.3843621810527
781.2,801.9302999999995,799.3875714478679
495.0,537.3331,489.56669186745273
547.5,539.8284,504.63022771566216
852.0,856.7248999999999,1053.5332478084547
1270.0,1263.303,1308.7130198202879
1768.0,1422.6660000000002,1546.220532576109
840.0,852.0027999999999,792.5830311289808
937.27,900.7213,907.0733822110371
1204.0,1259.6534,1291.8317352533822
3325.0,3136.1704000000004,3313.1939614357643
1133.63,1108.5239,1113.714553333632
1032.0,1060.63,1058.421185992448
1550.0,1395.1499,1412.2888974125415
2456.18,1953.1794999999986,1905.5278204501806
545.0,608.4902000000001,555.0483424406992
840.0,799.1291999999999,816.7975497526227
1133.0,1111.9416,1139.8677325504423
1265.0,1214.7296,1226.6923788257131
840.0,1055.9412,1016.730240677123
1149.51,1020.5601999999998,1045.9175481684308
520.0,498.7525,480.1809302836509
340.0,368.66,374.82225963110704
1996.0,1781.2193000000009,1903.0009944864091
2127.0,1626.1765,1678.4891530806512
1615.0,1504.5632,1592.8777863975372
1039.0,1044.8857999999998,1067.9514206357749
520.0,513.4025,478.57204332817116
260.0,258.41,223.28194282855122
2010.0,948.5573,974.087287472614
495.0,483.79439999999994,468.76305504689583
718.0,773.7802999999999,788.7943954933804
1624.65,1350.2532999999996,1398.6792059524348
1399.1,1463.1495000000002,1476.3974676280704
520.0,501.6025,494.3357441924179
4140.0,4320.4747000000025,4206.72421846482
940.0,950.8081,935.2963030410019
1145.0,1111.4282,1041.5898548601556
0.0,512.8,483.7448802328952
1570.4,1582.9797999999982,1563.6090917271931
520.0,474.147,437.842551123817
950.0,894.6029000000001,880.8973217115561
1246.0,1637.0588000000002,1844.198828687096
1781.46,1675.9788999999998,1607.9452503628877
1530.2,1354.0661999999998,1363.27985198536
1465.0,1442.2633,1472.9565294639356
2695.0,2268.0059,2490.809491328843
1170.0,898.8197999999998,927.9975880841464
260.0,259.8,231.21757994926486
520.0,533.1777999999999,512.7686083578503
524.25,520.0,488.2616882277996
895.0,946.2615,943.2627311217905
1600.2,1333.8139999999999,1340.9780736609105
884.0,869.7191,873.5640289620421
240.0,253.3,273.99825601170875
1675.0,1793.7311999999997,1853.427584440075
2095.0,1883.9588,2001.9547501847292
1143.0,976.2617,1005.4213161065816
1795.0,1480.9317,1524.9455887275217
954.0,947.1437999999999,960.4737362670194
2295.0,2392.7535000000003,2527.860084265109
2771.0,2507.7581000000005,2433.244549151485
1590.0,1571.9198,1623.4961518055366
1142.3,911.9999,988.9552625117692
1020.96,1030.1313000000016,1006.9752614875949
1595.0,1731.181,1846.0839652736584
985.0,990.0424,963.9597330709778
520.0,524.0725,503.6629543287348
2140.0,1908.759,1885.8635150344332
1615.0,1565.6575,1569.507241223836
260.0,257.23900000000003,235.37998955054826
1070.0,939.9202999999999,964.4448086621398
495.0,452.6225,419.0013015302376
495.0,666.9593,853.7256496866221
520.0,531.225,533.7153002451165
1083.0,1083.8515,1074.4729099479814
1555.0,1568.7663999999997,1618.1046057171102
1208.14,1108.5801999999996,1109.1097323440058
1417.04,1382.7478999999983,1404.9128357269012
1371.0,1398.235,1508.371262541722
2308.6,2231.2904000000026,2280.822904064328
1125.0,1117.4839999999997,1106.7090756440443
1819.85,1552.6854999999998,1628.7724326138018
2890.0,2134.9663,2187.496327848624
1445.0,2032.1873,2233.763308526229
881.4,321.77369999999996,351.8854447866117
955.0,927.3451000000003,904.6178413895404
840.0,877.1618000000001,868.4567981371762
1375.0,1267.1308,1278.663733283703
520.0,427.86400000000003,404.91786870202304
545.2,615.5462999999996,658.8874488762649
895.0,813.498,841.0573212190857
1820.0,1779.4957000000004,1925.282460427758
1307.14,1156.2585000000001,1207.799912759991
852.2,892.227599999999,874.4201610970892
2771.0,2419.2132,2451.8942312159725
1118.9,1108.6987999999992,1092.1083190193808
705.0,764.5576999999998,754.6664648874766
1217.0,1346.4897999999998,1497.215335025989
545.0,588.78,563.3198569094636
865.0,845.3811999999999,771.2114722207502
1459.5,1313.3222,1098.3391853122312
2036.44,2063.053500000001,2092.964180431145
520.0,421.661,397.8787599604343
925.0,881.2045000000002,878.4613488096109
723.5,757.9599,753.5224101161322
3224.0,3116.2536,3008.466306110745
240.0,237.6,211.01849177263898
739.99,795.4283999999998,844.9419292180368
2280.0,2202.3884,2481.514311326118
320.0,380.3587,767.6557731390288
520.0,516.55,507.5837907487079
595.0,553.6259999999999,516.7488071606967
1060.65,1118.7807999999998,1272.4151435144038
2495.0,2013.1301999999998,1978.5706550964233
705.0,701.5794000000001,710.0676431772988
1115.5,1243.0870000000004,1260.0488537620165
875.0,862.2991999999999,865.0156529168722
1095.7,1373.5685999999985,1417.2867492735227
1047.9,1029.1907999999996,1008.0877435280483
1399.1,1420.8950000000002,1483.5443230146268
1297.93,1442.7105000000004,1418.250433925742
925.0,941.6124000000002,898.2532109747535
1395.0,1392.6253,1439.6030078137396
616.76,584.6668,617.3960588512828
1390.0,1350.8921000000003,1405.2734026029134
2235.0,2172.6580000000004,2429.125960572539
1700.0,1440.5388,1527.9193234777044
2854.81,1740.5086999999994,1976.0984347522176
2195.44,1972.6968000000008,2080.7759153345105
495.0,486.63779999999997,455.8803253959894
5118.09,4144.567400000005,4655.318477876202
0.0,715.7633999999998,727.0472198692547
1520.0,1305.1888000000001,1347.0479701369602
1297.93,1399.7803000000013,1381.0050968247497
1316.88,1288.3697000000002,1314.806868843962
1920.0,1754.4519,1795.9571190153276
795.9,714.9141000000002,703.2704760574808
900.6600000000001,968.7057000000009,1024.057245226925
995.0,1023.4642999999996,1064.1759937308207
1511.0,1522.0967999999996,1572.3503920408714
520.0,519.4535,486.29361899496246
5106.17,4812.788499999998,5051.328264656968
260.0,236.45,208.08535495670878
240.0,240.2,226.7872573360853
520.0,1148.6717999999998,1235.4321748522364
1549.0,1878.2377000000001,1918.1710788466844
3610.94,3135.423300000001,3224.6498194714986
640.6,679.6894,624.378570999013
1216.0,1235.4418999999998,1327.2549729100663
1208.14,1081.2595999999996,1074.1055189244119
1059.5,2325.3183000000004,1890.337145362173
905.0,953.3827,967.257646494654
767.0,788.6153999999998,803.9594359098036
495.0,461.2,418.4010615416653
895.0,1002.7360999999999,987.161561022456
739.99,794.5098999999999,797.0904312380417
1491.0,1371.2115000000003,1360.2963448749936
520.0,559.3548999999999,561.0379391522395
698.47,707.3768000000003,688.2966826918015
520.0,549.6734,528.113558832006
1570.4,1590.2113999999983,1551.5420873034327
2495.0,2219.0855,2429.7589970914555
520.0,532.6024,502.1402958637673
531.0,523.6335,507.7833720123066
495.0,488.03799999999995,430.78378948103125
260.0,257.2,248.0745349924279
990.0,1438.9574,1386.528706908048
1410.0,1264.7473000000005,1196.7489304597623
1153.0,1068.9381,1143.0987839727404
1749.0,1605.3216,1688.3001531780747
495.0,536.785,511.1558021550127
1819.85,1482.9515999999994,1573.777677979253
240.0,349.1558,322.80340364122856
805.5,814.9526000000002,838.8327386244904
1216.0,626.51,666.5136103617874
1695.0,1583.1928,1558.3528940897572
820.0,760.7470000000001,741.8536189120193
1970.06,1971.4008999999992,2001.0655649086088
1472.0,1419.8857,1519.7612843023971
0.0,917.8281999999998,989.4651418661551
895.0,973.8646000000002,990.1360951109409
688.4300000000001,686.0026999999999,723.9389536900527
520.0,483.66110000000003,460.57812018015625
1390.0,1407.5687,1388.2054436802714
1170.0,1018.325,1055.8511762466708
945.0,910.1463999999999,922.7154310559854
2344.2200000000003,1889.4134,2056.323383168911
240.0,240.0,212.1776198945101
814.0,719.5854,707.7851605445843
260.0,257.42,240.57684356592335
800.05,769.8008000000008,699.6494033684343
624.0,713.8631000000001,700.908914503805
285.0,271.124,253.50787804557234
1546.7,1544.3294000000005,1552.2668508056377
943.9,966.1866999999995,1019.6017968686526
890.0,873.6734999999999,872.4348656008965
1260.0,1152.5654000000002,1096.5449369567305
892.0,875.1612000000002,893.9453613225946
704.0,717.9730999999999,733.5477499284317
260.0,261.7878,247.44871752589194
784.44,461.20360000000016,519.5226114787921
1860.0,1629.7933000000007,1810.8546936852833
1290.0,1240.9270999999999,1244.093534916562
1720.0,1481.9835,1473.6881354238296
1647.5700000000002,1115.6107000000006,1236.9946922618667
524.6,507.43699999999984,489.9898181655482
726.0,671.9408999999999,652.3208996842511
2823.0,2535.9570000000003,2496.485543666879
570.0,604.7294,585.3052583405239
520.0,519.05,491.26081858177326
1860.0,1733.1888000000006,1910.793423491757
360.0,549.6758,539.1390917294341
2153.46,2181.9489,2386.092146427359
6976.96,6937.390399999998,6886.714470331075
1074.0,1004.5530000000002,1045.9062522295999
240.0,240.03900000000002,193.58266496211803
1010.0,971.8401999999998,984.3641004065848
977.02,961.0405000000005,965.73653340743
520.0,531.6864,519.3481217303477
2000.0,1830.6689999999999,1807.094042581642
745.0,752.3934000000002,748.9844753495966
1875.0,1530.5846000000001,1567.4592742233465
524.25,592.0105,544.539845425196
1290.0,1235.9491999999998,1241.5081705796229
240.0,236.08700000000002,203.4157353223497
915.43,909.829699999999,906.2655853473552
1210.0,2390.055900000001,2633.2507757598537
682.0699999999999,671.9169999999999,657.3397477907808
978.4,978.6338999999992,991.7894612129276
495.0,562.4180000000001,440.1944843002781
495.0,615.4820000000001,588.6922337317991
1740.0,1680.15,1704.9786153909708
0.0,831.5872000000002,846.8315870267904
520.0,664.068,592.1067276375795
240.0,233.2,230.8507084314461
895.0,896.8975,888.8066082426874
903.55,1159.8528000000008,1281.6167337350246
840.0,975.3571000000001,941.1944245670479
988.0,996.8806000000001,1019.5382029158895
920.0,892.9812000000001,892.7755695581061
448.0,455.5860999999999,444.9368797059535
1020.0,1028.0513,1049.5266539476697
524.25,529.3565,518.3975248289528
1143.0,1043.3959999999997,974.3678268889269
520.0,490.44229999999993,452.7631438060183
895.0,896.3036,859.4671096705838
965.0,919.5395000000001,897.698891012941
5880.02,4199.8945,4433.016402370383
